-- phpMyAdmin SQL Dump
-- version 4.1.14
-- http://www.phpmyadmin.net
--
-- Host: 127.0.0.1
-- Generation Time: Jul 30, 2016 at 06:00 PM
-- Server version: 5.6.17
-- PHP Version: 5.5.12

SET SQL_MODE = "NO_AUTO_VALUE_ON_ZERO";
SET time_zone = "+00:00";


/*!40101 SET @OLD_CHARACTER_SET_CLIENT=@@CHARACTER_SET_CLIENT */;
/*!40101 SET @OLD_CHARACTER_SET_RESULTS=@@CHARACTER_SET_RESULTS */;
/*!40101 SET @OLD_COLLATION_CONNECTION=@@COLLATION_CONNECTION */;
/*!40101 SET NAMES utf8 */;

--
-- Database: `dbwgrpg`
--

-- --------------------------------------------------------

--
-- Table structure for table `tblcharacterabilitystats`
--
DROP DATABASE wgrpg;
CREATE DATABASE wgrpg;
USE wgrpg;
CREATE TABLE IF NOT EXISTS `tblcharacterabilitystats` (
  `intCharacterAbilityStatID` int(11) NOT NULL AUTO_INCREMENT,
  `intRPGCharacterID` int(11) NOT NULL,
  `intStrength` int(11) NOT NULL DEFAULT '0',
  `intIntelligence` int(11) NOT NULL DEFAULT '0',
  `intAgility` int(11) NOT NULL DEFAULT '0',
  `intVitality` int(11) NOT NULL DEFAULT '0',
  `intWillpower` int(11) NOT NULL DEFAULT '0',
  `intDexterity` int(11) NOT NULL DEFAULT '0',
  PRIMARY KEY (`intCharacterAbilityStatID`),
  KEY `intRPGCharacterID` (`intRPGCharacterID`)
) ENGINE=InnoDB  DEFAULT CHARSET=latin1 AUTO_INCREMENT=145 ;

--
-- Dumping data for table `tblcharacterabilitystats`
--

INSERT INTO `tblcharacterabilitystats` (`intCharacterAbilityStatID`, `intRPGCharacterID`, `intStrength`, `intIntelligence`, `intAgility`, `intVitality`, `intWillpower`, `intDexterity`) VALUES
(93, 94, 0, 0, 0, 0, 0, 0),
(94, 95, 0, 0, 0, 0, 0, 0),
(95, 96, 0, 0, 0, 0, 0, 0),
(96, 97, 5, 0, 0, 0, 0, 0),
(97, 98, 0, 0, 0, 0, 0, 0),
(98, 99, 0, 0, 0, 0, 0, 0),
(99, 100, 0, 0, 0, 0, 0, 0),
(100, 101, 0, 0, 0, 0, 0, 0),
(101, 102, 0, 0, 0, 0, 0, 0),
(102, 103, 0, 0, 0, 0, 0, 0),
(103, 104, 0, 0, 0, 10, 0, 0),
(104, 105, 0, 0, 0, 0, 0, 0),
(105, 106, 25, 0, 0, 0, 0, 0),
(106, 107, 0, 0, 0, 0, 0, 0),
(107, 108, 0, 0, 0, 0, 0, 0),
(108, 109, 5, 0, 0, 0, 0, 0),
(109, 110, 0, 0, 0, 0, 0, 0),
(110, 111, 0, 0, 0, 0, 0, 0),
(111, 112, 0, 0, 0, 0, 0, 0),
(112, 113, 0, 0, 0, 0, 0, 0),
(113, 114, 0, 0, 0, 0, 0, 0),
(114, 115, 0, 0, 0, 0, 0, 0),
(115, 116, 0, 0, 0, 0, 0, 0),
(116, 117, 0, 0, 0, 0, 0, 0),
(117, 118, 0, 0, 0, 0, 0, 0),
(118, 119, 0, 0, 0, 0, 0, 0),
(119, 120, 0, 0, 0, 0, 0, 0),
(120, 121, 0, 0, 0, 0, 0, 0),
(121, 122, 0, 0, 0, 0, 0, 0),
(122, 123, 0, 0, 0, 0, 0, 0),
(123, 124, 0, 0, 0, 0, 0, 0),
(124, 125, 0, 0, 0, 0, 0, 0),
(125, 126, 0, 0, 0, 0, 0, 0),
(126, 127, 0, 0, 0, 0, 0, 0),
(127, 128, 0, 0, 0, 0, 0, 0),
(128, 129, 0, 0, 0, 0, 0, 0),
(129, 130, 0, 0, 0, 0, 0, 0),
(130, 131, 0, 0, 0, 0, 0, 0),
(131, 132, 0, 0, 0, 0, 0, 0),
(132, 133, 0, 0, 0, 0, 0, 0),
(133, 134, 0, 0, 0, 0, 0, 0),
(134, 135, 0, 0, 0, 0, 0, 0),
(135, 136, 0, 0, 0, 0, 0, 0),
(136, 137, 5, 0, 0, 0, 0, 0),
(137, 138, 5, 0, 0, 20, 0, 0),
(138, 139, 0, 0, 0, 0, 0, 0),
(139, 140, 0, 0, 0, 0, 0, 0),
(140, 141, 10, 0, 0, 35, 0, 0),
(141, 142, 0, 35, 0, 0, 0, 0),
(142, 143, 0, 0, 0, 30, 0, 0),
(143, 144, 0, 0, 0, 15, 0, 0),
(144, 145, 0, 0, 0, 0, 45, 0);

-- --------------------------------------------------------

--
-- Table structure for table `tblcharacterbody`
--

CREATE TABLE IF NOT EXISTS `tblcharacterbody` (
  `intCharacterBodyID` int(11) NOT NULL AUTO_INCREMENT,
  `intRPGCharacterID` int(11) NOT NULL DEFAULT '0',
  `intBreasts` int(11) NOT NULL DEFAULT '0',
  `intBelly` int(11) NOT NULL DEFAULT '0',
  `intLegs` int(11) NOT NULL DEFAULT '0',
  `intButt` int(11) NOT NULL DEFAULT '0',
  `intArms` int(11) NOT NULL DEFAULT '0',
  `intFace` int(11) NOT NULL DEFAULT '0',
  `intBellyRipLevel` int(11) NOT NULL DEFAULT '0',
  `intButtRipLevel` int(11) NOT NULL DEFAULT '0',
  `intBreastsRipLevel` int(11) NOT NULL DEFAULT '0',
  `intArmsRipLevel` int(11) NOT NULL DEFAULT '0',
  `intLegsRipLevel` int(11) NOT NULL DEFAULT '0',
  PRIMARY KEY (`intCharacterBodyID`),
  KEY `intRPGCharacterID` (`intRPGCharacterID`)
) ENGINE=InnoDB  DEFAULT CHARSET=latin1 AUTO_INCREMENT=71 ;

--
-- Dumping data for table `tblcharacterbody`
--

INSERT INTO `tblcharacterbody` (`intCharacterBodyID`, `intRPGCharacterID`, `intBreasts`, `intBelly`, `intLegs`, `intButt`, `intArms`, `intFace`, `intBellyRipLevel`, `intButtRipLevel`, `intBreastsRipLevel`, `intArmsRipLevel`, `intLegsRipLevel`) VALUES
(19, 94, 0, 0, 0, 0, 0, 0, 0, 0, 0, 0, 0),
(20, 95, 0, 0, 0, 0, 0, 0, 0, 0, 0, 0, 0),
(21, 96, 0, 0, 0, 0, 0, 0, 0, 0, 0, 0, 0),
(22, 97, 0, 0, 0, 0, 0, 0, 0, 0, 0, 0, 0),
(23, 98, 0, 0, 0, 0, 0, 0, 0, 0, 0, 0, 0),
(24, 99, 0, 0, 0, 0, 0, 0, 0, 0, 0, 0, 0),
(25, 100, 0, 0, 0, 0, 0, 0, 0, 0, 0, 0, 0),
(26, 101, 0, 0, 0, 0, 0, 0, 0, 0, 0, 0, 0),
(27, 102, 0, 0, 0, 0, 0, 0, 0, 0, 0, 0, 0),
(28, 103, 0, 0, 0, 0, 0, 0, 0, 0, 0, 0, 0),
(29, 104, 0, 0, 0, 0, 0, 0, 0, 0, 0, 0, 0),
(30, 105, 0, 0, 0, 0, 0, 0, 0, 0, 0, 0, 0),
(31, 106, 0, 0, 0, 0, 0, 0, 0, 0, 0, 0, 0),
(32, 107, 0, 0, 0, 0, 0, 0, 0, 0, 0, 0, 0),
(33, 108, 0, 0, 0, 0, 0, 0, 0, 0, 0, 0, 0),
(34, 109, 0, 0, 0, 0, 0, 0, 0, 0, 0, 0, 0),
(35, 110, 0, 0, 0, 0, 0, 0, 0, 0, 0, 0, 0),
(36, 111, 0, 0, 0, 0, 0, 0, 0, 0, 0, 0, 0),
(37, 112, 0, 0, 0, 0, 0, 0, 0, 0, 0, 0, 0),
(38, 113, 0, 0, 0, 0, 0, 0, 0, 0, 0, 0, 0),
(39, 114, 0, 0, 0, 0, 0, 0, 0, 0, 0, 0, 0),
(40, 115, 0, 0, 0, 0, 0, 0, 0, 0, 0, 0, 0),
(41, 116, 0, 0, 0, 0, 0, 0, 0, 0, 0, 0, 0),
(42, 117, 0, 0, 0, 0, 0, 0, 0, 0, 0, 0, 0),
(43, 118, 0, 0, 0, 0, 0, 0, 0, 0, 0, 0, 0),
(44, 119, 0, 0, 0, 0, 0, 0, 0, 0, 0, 0, 0),
(45, 120, 0, 0, 0, 0, 0, 0, 0, 0, 0, 0, 0),
(46, 121, 0, 0, 0, 0, 0, 0, 0, 0, 0, 0, 0),
(47, 122, 0, 0, 0, 0, 0, 0, 0, 0, 0, 0, 0),
(48, 123, 0, 0, 0, 0, 0, 0, 0, 0, 0, 0, 0),
(49, 124, 0, 0, 0, 0, 0, 0, 0, 0, 0, 0, 0),
(50, 125, 0, 0, 0, 0, 0, 0, 0, 0, 0, 0, 0),
(51, 126, 0, 0, 0, 0, 0, 0, 0, 0, 0, 0, 0),
(52, 127, 0, 0, 0, 0, 0, 0, 0, 0, 0, 0, 0),
(53, 128, 0, 0, 0, 0, 0, 0, 0, 0, 0, 0, 0),
(54, 129, 0, 0, 0, 0, 0, 0, 0, 0, 0, 0, 0),
(55, 130, 0, 0, 0, 0, 0, 0, 0, 0, 0, 0, 0),
(56, 131, 0, 0, 0, 0, 0, 0, 0, 0, 0, 0, 0),
(57, 132, 0, 0, 0, 0, 0, 0, 0, 0, 0, 0, 0),
(58, 133, 0, 0, 0, 0, 0, 0, 0, 0, 0, 0, 0),
(59, 134, 0, 0, 0, 0, 0, 0, 0, 0, 0, 0, 0),
(60, 135, 0, 0, 0, 0, 0, 0, 0, 0, 0, 0, 0),
(61, 136, 0, 0, 0, 0, 0, 0, 0, 0, 0, 0, 0),
(62, 137, 0, 0, 0, 0, 0, 0, 0, 0, 0, 0, 0),
(63, 138, 0, 0, 0, 0, 0, 0, 0, 0, 0, 0, 0),
(64, 139, 0, 0, 0, 0, 0, 0, 0, 0, 0, 0, 0),
(65, 140, 0, 0, 0, 0, 0, 0, 0, 0, 0, 0, 0),
(66, 141, 0, 0, 0, 0, 0, 0, 0, 0, 0, 0, 0),
(67, 142, 0, 0, 0, 0, 0, 0, 0, 0, 0, 0, 0),
(68, 143, 1, 2, 3, 3, 3, 1, 0, 0, 0, 0, 0),
(69, 144, 0, 0, 0, 0, 0, 0, 0, 0, 0, 0, 0),
(70, 145, 0, 0, 0, 0, 0, 0, 0, 0, 0, 0, 0);

-- --------------------------------------------------------

--
-- Table structure for table `tblcharacterclassxr`
--

CREATE TABLE IF NOT EXISTS `tblcharacterclassxr` (
  `intCharacterClassXRID` int(11) NOT NULL AUTO_INCREMENT,
  `intRPGCharacterID` int(11) NOT NULL,
  `intClassID` int(11) NOT NULL,
  `intClassLevel` int(11) NOT NULL,
  `intClassExperience` int(11) NOT NULL,
  `blnCurrentClass` tinyint(1) NOT NULL DEFAULT '0',
  PRIMARY KEY (`intCharacterClassXRID`),
  KEY `intRPGCharacterID` (`intRPGCharacterID`),
  KEY `intClassID` (`intClassID`)
) ENGINE=InnoDB DEFAULT CHARSET=latin1 AUTO_INCREMENT=1 ;

-- --------------------------------------------------------

--
-- Table structure for table `tblcharactereventxr`
--

CREATE TABLE IF NOT EXISTS `tblcharactereventxr` (
  `intCharacterEventXRID` int(11) NOT NULL AUTO_INCREMENT,
  `intRPGCharacterID` int(11) NOT NULL,
  `intEventID` int(11) NOT NULL,
  `dtmDateAdded` datetime NOT NULL,
  PRIMARY KEY (`intCharacterEventXRID`),
  KEY `intRPGCharacterID` (`intRPGCharacterID`,`intEventID`)
) ENGINE=InnoDB  DEFAULT CHARSET=latin1 AUTO_INCREMENT=3423 ;

--
-- Dumping data for table `tblcharactereventxr`
--

INSERT INTO `tblcharactereventxr` (`intCharacterEventXRID`, `intRPGCharacterID`, `intEventID`, `dtmDateAdded`) VALUES
(1450, 95, 2, '2016-06-11 19:54:53'),
(1451, 95, 1, '2016-06-11 19:57:43'),
(1452, 95, 11, '2016-06-11 20:04:00'),
(1453, 96, 2, '2016-06-14 22:29:18'),
(1454, 96, 1, '2016-06-14 22:30:12'),
(1455, 96, 4, '2016-06-14 22:43:58'),
(1456, 97, 2, '2016-06-14 22:51:03'),
(1457, 97, 1, '2016-06-14 22:51:07'),
(1458, 97, 4, '2016-06-14 22:57:01'),
(1459, 97, 3, '2016-06-14 23:04:22'),
(1460, 97, 11, '2016-06-14 23:05:07'),
(1461, 97, 13, '2016-06-14 23:05:41'),
(1462, 97, 15, '2016-06-15 19:25:29'),
(1463, 98, 2, '2016-06-15 20:26:52'),
(1464, 98, 1, '2016-06-15 20:35:44'),
(1465, 99, 2, '2016-06-15 20:42:12'),
(1466, 99, 1, '2016-06-15 20:42:14'),
(1467, 100, 2, '2016-06-15 20:49:24'),
(1468, 100, 1, '2016-06-15 20:49:35'),
(1469, 100, 18, '2016-06-15 20:51:09'),
(1470, 101, 2, '2016-06-15 20:54:29'),
(1471, 101, 18, '2016-06-15 20:54:36'),
(1472, 101, 1, '2016-06-15 21:03:10'),
(1473, 101, 3, '2016-06-15 21:03:17'),
(1474, 102, 2, '2016-06-15 21:08:47'),
(1475, 102, 18, '2016-06-15 21:08:52'),
(1476, 104, 2, '2016-06-15 21:35:18'),
(1477, 104, 18, '2016-06-15 21:35:26'),
(1478, 104, 11, '2016-06-15 21:38:22'),
(1479, 104, 13, '2016-06-15 21:38:27'),
(1480, 104, 1, '2016-06-15 21:39:01'),
(1481, 104, 14, '2016-06-15 21:40:42'),
(1482, 105, 2, '2016-06-18 22:37:19'),
(1483, 106, 2, '2016-06-18 22:37:45'),
(1484, 106, 18, '2016-06-18 22:37:54'),
(1485, 106, 11, '2016-06-18 22:37:56'),
(1486, 106, 13, '2016-06-18 22:38:01'),
(1487, 106, 1, '2016-06-18 22:38:55'),
(1488, 106, 15, '2016-06-25 17:39:37'),
(1489, 107, 1, '2016-06-25 17:40:31'),
(1490, 106, 4, '2016-06-25 19:53:51'),
(1491, 106, 3, '2016-06-25 19:59:04'),
(1492, 109, 2, '2016-07-01 11:01:54'),
(1493, 109, 1, '2016-07-01 11:01:56'),
(1494, 109, 18, '2016-07-01 11:02:16'),
(1495, 109, 11, '2016-07-01 22:43:36'),
(1538, 111, 13, '2016-07-03 11:45:36'),
(1539, 111, 1, '2016-07-03 11:45:40'),
(1540, 111, 11, '2016-07-03 11:45:41'),
(1541, 111, 18, '2016-07-03 12:33:14'),
(1542, 111, 2, '2016-07-03 12:36:58'),
(1543, 117, 2, '2016-07-03 13:21:44'),
(1544, 118, 1, '2016-07-03 13:21:49'),
(1545, 118, 18, '2016-07-03 13:22:24'),
(1546, 118, 15, '2016-07-04 19:45:32'),
(1549, 119, 2, '2016-07-04 19:46:08'),
(1552, 119, 11, '2016-07-04 19:46:15'),
(1553, 119, 1, '2016-07-04 20:28:51'),
(1554, 120, 1, '2016-07-09 23:19:13'),
(1555, 121, 1, '2016-07-09 23:22:54'),
(1560, 121, 18, '2016-07-09 23:23:25'),
(1561, 131, 2, '2016-07-09 23:53:03'),
(1563, 133, 2, '2016-07-09 23:56:57'),
(1564, 134, 2, '2016-07-09 23:57:30'),
(1566, 135, 2, '2016-07-09 23:59:06'),
(1570, 135, 18, '2016-07-09 23:59:26'),
(1571, 137, 2, '2016-07-10 00:03:10'),
(1572, 137, 1, '2016-07-14 21:51:40'),
(1576, 137, 18, '2016-07-14 21:53:03'),
(1602, 137, 4, '2016-07-14 22:12:08'),
(1694, 137, 3, '2016-07-14 22:24:21'),
(1695, 138, 2, '2016-07-14 22:42:00'),
(1698, 138, 18, '2016-07-14 22:42:15'),
(1705, 138, 4, '2016-07-14 22:42:59'),
(1727, 138, 1, '2016-07-16 12:24:34'),
(1728, 138, 11, '2016-07-16 12:24:40'),
(1729, 138, 12, '2016-07-16 12:25:14'),
(1761, 138, 21, '2016-07-16 12:27:31'),
(1807, 138, 19, '2016-07-16 12:37:38'),
(1852, 138, 15, '2016-07-16 12:47:54'),
(1912, 138, 13, '2016-07-17 15:58:41'),
(1952, 140, 2, '2016-07-17 23:04:31'),
(1953, 141, 2, '2016-07-17 23:07:00'),
(1954, 141, 18, '2016-07-17 23:07:21'),
(1992, 141, 19, '2016-07-17 23:09:28'),
(1994, 141, 1, '2016-07-19 20:36:48'),
(2021, 141, 11, '2016-07-19 20:40:08'),
(2033, 141, 12, '2016-07-19 20:42:12'),
(2139, 141, 21, '2016-07-19 20:59:46'),
(2152, 141, 15, '2016-07-19 21:08:26'),
(2153, 141, 13, '2016-07-19 21:08:44'),
(2168, 141, 14, '2016-07-19 21:10:19'),
(2307, 142, 2, '2016-07-23 19:56:15'),
(2317, 142, 18, '2016-07-23 19:56:49'),
(2323, 142, 1, '2016-07-23 20:05:39'),
(2344, 142, 11, '2016-07-23 20:07:40'),
(2349, 142, 4, '2016-07-23 20:08:29'),
(2401, 142, 3, '2016-07-23 20:11:54'),
(2403, 142, 19, '2016-07-23 20:12:13'),
(2404, 142, 15, '2016-07-23 20:12:34'),
(2405, 142, 13, '2016-07-23 20:14:01'),
(2482, 142, 21, '2016-07-23 20:29:45'),
(2713, 142, 22, '2016-07-24 13:50:00'),
(2738, 143, 2, '2016-07-24 14:26:56'),
(2741, 143, 4, '2016-07-24 14:27:41'),
(2747, 143, 18, '2016-07-24 14:28:10'),
(2749, 143, 3, '2016-07-24 14:28:25'),
(2760, 143, 19, '2016-07-24 14:29:34'),
(2761, 143, 1, '2016-07-24 14:29:44'),
(2830, 143, 13, '2016-07-24 14:46:28'),
(2866, 143, 22, '2016-07-24 14:53:15'),
(2869, 143, 15, '2016-07-24 14:58:59'),
(2897, 143, 11, '2016-07-24 15:34:31'),
(2910, 144, 2, '2016-07-25 18:33:46'),
(2917, 144, 18, '2016-07-25 18:34:45'),
(2934, 144, 4, '2016-07-25 18:40:39'),
(2935, 144, 19, '2016-07-25 18:41:00'),
(2936, 144, 1, '2016-07-25 18:41:15'),
(2964, 145, 2, '2016-07-25 18:57:53'),
(2971, 145, 18, '2016-07-25 18:58:15'),
(2990, 145, 19, '2016-07-25 18:58:57'),
(2991, 145, 1, '2016-07-25 18:59:17'),
(3001, 145, 11, '2016-07-25 18:59:47'),
(3002, 145, 13, '2016-07-25 18:59:56'),
(3013, 145, 4, '2016-07-25 19:00:19'),
(3045, 145, 3, '2016-07-25 19:01:20'),
(3087, 145, 22, '2016-07-25 19:13:09'),
(3100, 145, 15, '2016-07-25 19:19:20'),
(3130, 145, 12, '2016-07-25 19:29:35');

-- --------------------------------------------------------

--
-- Table structure for table `tblcharacteritemxr`
--

CREATE TABLE IF NOT EXISTS `tblcharacteritemxr` (
  `intItemInstanceID` int(11) NOT NULL AUTO_INCREMENT,
  `intRPGCharacterID` int(11) NOT NULL,
  `intItemID` int(11) NOT NULL,
  `intCaloriesRemaining` int(11) DEFAULT NULL,
  `blnDigesting` tinyint(4) NOT NULL DEFAULT '0',
  `blnEquipped` tinyint(4) NOT NULL DEFAULT '0',
  `strSize` enum('XS','S','M','L','XL','XXL','XXXL','XXXXL','Stretch') DEFAULT NULL,
  `dtmDateAdded` datetime NOT NULL,
  PRIMARY KEY (`intItemInstanceID`),
  KEY `intCharacterID` (`intRPGCharacterID`,`intItemID`),
  KEY `intItemID` (`intItemID`)
) ENGINE=InnoDB  DEFAULT CHARSET=latin1 AUTO_INCREMENT=938 ;

--
-- Dumping data for table `tblcharacteritemxr`
--

INSERT INTO `tblcharacteritemxr` (`intItemInstanceID`, `intRPGCharacterID`, `intItemID`, `intCaloriesRemaining`, `blnDigesting`, `blnEquipped`, `strSize`, `dtmDateAdded`) VALUES
(627, 95, 3, 0, 0, 1, '', '2016-06-11 19:51:25'),
(628, 95, 6, 0, 0, 1, 'M', '2016-06-11 19:54:00'),
(629, 96, 3, 0, 0, 1, '', '2016-06-14 22:28:55'),
(630, 96, 6, 0, 0, 1, 'M', '2016-06-14 22:29:00'),
(631, 96, 1, 4000, 1, 0, '', '2016-06-14 22:43:56'),
(632, 97, 3, 0, 0, 0, '', '2016-06-14 22:50:52'),
(633, 97, 6, 0, 0, 1, 'M', '2016-06-14 22:50:57'),
(634, 97, 3, 0, 0, 0, '', '2016-06-14 22:53:33'),
(635, 97, 6, 0, 0, 0, 'M', '2016-06-14 22:53:39'),
(636, 98, 3, 0, 0, 1, '', '2016-06-15 20:23:46'),
(637, 98, 6, 0, 0, 1, 'M', '2016-06-15 20:23:50'),
(638, 99, 3, 0, 0, 1, '', '2016-06-15 20:41:53'),
(639, 99, 6, 0, 0, 1, 'M', '2016-06-15 20:41:58'),
(640, 100, 3, 0, 0, 0, '', '2016-06-15 20:49:04'),
(641, 100, 3, 0, 0, 0, '', '2016-06-15 20:49:11'),
(642, 100, 6, 0, 0, 0, 'M', '2016-06-15 20:49:18'),
(643, 101, 3, 0, 0, 0, '', '2016-06-15 20:54:16'),
(644, 101, 6, 0, 0, 0, 'M', '2016-06-15 20:54:20'),
(645, 102, 3, 0, 0, 0, '', '2016-06-15 21:08:11'),
(646, 102, 6, 0, 0, 0, 'M', '2016-06-15 21:08:15'),
(647, 102, 3, 0, 0, 0, '', '2016-06-15 21:13:49'),
(648, 102, 3, 0, 0, 0, '', '2016-06-15 21:14:05'),
(649, 102, 3, 0, 0, 0, '', '2016-06-15 21:18:07'),
(650, 102, 3, 0, 0, 0, '', '2016-06-15 21:23:39'),
(651, 102, 3, 0, 0, 0, '', '2016-06-15 21:26:46'),
(652, 102, 3, 0, 0, 0, '', '2016-06-15 21:26:46'),
(653, 102, 3, 0, 0, 0, '', '2016-06-15 21:26:55'),
(654, 102, 3, 0, 0, 0, '', '2016-06-15 21:26:55'),
(655, 102, 3, 0, 0, 0, '', '2016-06-15 21:26:58'),
(656, 103, 3, 0, 0, 0, '', '2016-06-15 21:33:14'),
(657, 103, 6, 0, 0, 0, 'M', '2016-06-15 21:33:19'),
(658, 104, 3, 0, 0, 0, '', '2016-06-15 21:35:01'),
(659, 104, 6, 0, 0, 0, 'M', '2016-06-15 21:35:05'),
(660, 104, 3, 0, 0, 0, '', '2016-06-15 21:35:31'),
(661, 104, 3, 0, 0, 0, '', '2016-06-15 21:39:23'),
(662, 104, 7, 0, 0, 0, 'XXXXL', '2016-06-15 21:40:56'),
(663, 104, 8, 0, 0, 0, 'XXXXL', '2016-06-15 21:40:56'),
(664, 104, 7, 0, 0, 0, 'Stretch', '2016-06-15 21:41:03'),
(665, 104, 8, 0, 0, 0, 'Stretch', '2016-06-15 21:41:03'),
(666, 104, 1, 5000, 0, 0, '', '2016-06-15 21:43:21'),
(667, 104, 1, 5000, 0, 0, '', '2016-06-15 21:43:21'),
(668, 104, 1, 5000, 0, 0, '', '2016-06-15 21:43:21'),
(669, 105, 3, 0, 0, 0, '', '2016-06-18 22:37:06'),
(670, 105, 6, 0, 0, 1, 'M', '2016-06-18 22:37:11'),
(671, 106, 3, 0, 0, 1, '', '2016-06-18 22:37:28'),
(672, 106, 6, 0, 0, 1, 'M', '2016-06-18 22:37:32'),
(674, 107, 3, 0, 0, 0, '', '2016-06-25 17:40:17'),
(675, 107, 6, 0, 0, 0, 'M', '2016-06-25 17:40:23'),
(676, 108, 3, 0, 0, 0, '', '2016-06-25 17:41:13'),
(677, 108, 6, 0, 0, 0, 'M', '2016-06-25 17:41:27'),
(696, 106, 5, 100, 0, 0, '', '2016-06-28 20:01:35'),
(697, 106, 5, 100, 0, 0, '', '2016-06-28 20:01:35'),
(699, 106, 1, 5000, 0, 0, '', '2016-06-28 20:01:47'),
(700, 106, 1, 5000, 0, 0, '', '2016-06-28 20:01:47'),
(701, 106, 1, 5000, 0, 0, '', '2016-06-28 20:01:47'),
(702, 106, 1, 5000, 0, 0, '', '2016-06-28 20:01:47'),
(703, 106, 3, 0, 0, 0, '', '2016-06-29 22:00:16'),
(704, 106, 3, 0, 0, 0, '', '2016-07-01 10:55:47'),
(705, 106, 3, 0, 0, 0, '', '2016-07-01 10:56:33'),
(707, 106, 3, 0, 0, 0, '', '2016-07-01 10:57:23'),
(708, 109, 3, 0, 0, 1, '', '2016-07-01 10:57:55'),
(709, 109, 6, 0, 0, 0, 'M', '2016-07-01 10:58:02'),
(710, 109, 3, 0, 0, 0, '', '2016-07-01 11:02:06'),
(711, 109, 3, 0, 0, 0, '', '2016-07-01 11:05:13'),
(712, 110, 3, 0, 0, 1, '', '2016-07-03 11:30:51'),
(713, 110, 6, 0, 0, 1, 'M', '2016-07-03 11:30:58'),
(714, 110, 6, 0, 0, 0, 'M', '2016-07-03 11:32:33'),
(715, 111, 3, 0, 0, 1, '', '2016-07-03 11:34:28'),
(716, 111, 6, 0, 0, 0, 'M', '2016-07-03 11:34:33'),
(717, 111, 3, 0, 0, 0, '', '2016-07-03 11:36:55'),
(718, 111, 3, 0, 0, 0, '', '2016-07-03 11:37:39'),
(719, 118, 3, 0, 0, 1, '', '2016-07-03 13:20:21'),
(720, 118, 6, 0, 0, 1, 'M', '2016-07-03 13:21:33'),
(721, 118, 3, 0, 0, 0, '', '2016-07-03 13:21:56'),
(722, 119, 3, 0, 0, 0, '', '2016-07-04 19:45:59'),
(723, 119, 6, 0, 0, 0, 'M', '2016-07-04 19:46:03'),
(724, 106, 3, 0, 0, 0, '', '2016-07-09 23:16:07'),
(725, 120, 3, 0, 0, 1, '', '2016-07-09 23:16:22'),
(726, 120, 6, 0, 0, 1, 'M', '2016-07-09 23:16:30'),
(727, 121, 3, 0, 0, 0, '', '2016-07-09 23:19:23'),
(728, 121, 6, 0, 0, 0, 'M', '2016-07-09 23:19:27'),
(729, 122, 3, 0, 0, 0, '', '2016-07-09 23:25:37'),
(730, 122, 6, 0, 0, 0, 'M', '2016-07-09 23:25:42'),
(731, 123, 3, 0, 0, 0, '', '2016-07-09 23:27:40'),
(732, 123, 6, 0, 0, 0, 'M', '2016-07-09 23:27:45'),
(733, 124, 3, 0, 0, 0, '', '2016-07-09 23:31:45'),
(734, 124, 6, 0, 0, 0, 'M', '2016-07-09 23:31:49'),
(735, 125, 3, 0, 0, 0, '', '2016-07-09 23:34:34'),
(736, 125, 6, 0, 0, 0, 'M', '2016-07-09 23:34:38'),
(737, 126, 3, 0, 0, 0, '', '2016-07-09 23:35:44'),
(738, 126, 6, 0, 0, 0, 'M', '2016-07-09 23:35:48'),
(739, 127, 3, 0, 0, 0, '', '2016-07-09 23:37:13'),
(740, 127, 6, 0, 0, 0, 'M', '2016-07-09 23:37:17'),
(741, 128, 3, 0, 0, 0, '', '2016-07-09 23:44:35'),
(742, 128, 6, 0, 0, 0, 'M', '2016-07-09 23:44:40'),
(743, 129, 3, 0, 0, 0, '', '2016-07-09 23:46:13'),
(744, 129, 6, 0, 0, 0, 'M', '2016-07-09 23:46:21'),
(745, 130, 3, 0, 0, 0, '', '2016-07-09 23:48:57'),
(746, 130, 6, 0, 0, 0, 'M', '2016-07-09 23:49:01'),
(747, 131, 3, 0, 0, 0, '', '2016-07-09 23:52:43'),
(748, 131, 6, 0, 0, 0, 'M', '2016-07-09 23:52:47'),
(750, 132, 3, 0, 0, 0, '', '2016-07-09 23:54:07'),
(751, 132, 6, 0, 0, 0, 'M', '2016-07-09 23:54:11'),
(753, 132, 9, 200, 0, 0, '', '2016-07-09 23:56:07'),
(754, 133, 3, 0, 0, 0, '', '2016-07-09 23:56:21'),
(755, 133, 6, 0, 0, 0, 'M', '2016-07-09 23:56:29'),
(757, 133, 9, 200, 0, 0, '', '2016-07-09 23:56:37'),
(758, 134, 3, 0, 0, 0, '', '2016-07-09 23:57:09'),
(759, 134, 6, 0, 0, 0, 'M', '2016-07-09 23:57:17'),
(762, 134, 9, 200, 0, 0, '', '2016-07-09 23:57:24'),
(763, 135, 3, 0, 0, 1, '', '2016-07-09 23:58:25'),
(764, 135, 6, 0, 0, 1, 'M', '2016-07-09 23:58:31'),
(769, 135, 3, 0, 0, 0, '', '2016-07-09 23:59:21'),
(770, 136, 3, 0, 0, 0, '', '2016-07-10 00:00:14'),
(771, 136, 6, 0, 0, 0, 'M', '2016-07-10 00:00:18'),
(777, 136, 9, 200, 0, 0, '', '2016-07-10 00:00:32'),
(778, 137, 3, 0, 0, 0, '', '2016-07-10 00:02:42'),
(779, 137, 6, 0, 0, 0, 'M', '2016-07-10 00:02:49'),
(780, 137, 3, 0, 0, 0, '', '2016-07-14 21:52:58'),
(782, 138, 3, 0, 0, 0, '', '2016-07-14 22:30:12'),
(783, 138, 6, 0, 0, 1, 'M', '2016-07-14 22:30:16'),
(793, 138, 3, 0, 0, 0, '', '2016-07-16 12:32:06'),
(798, 138, 5, 100, 0, 0, '', '2016-07-16 12:47:43'),
(799, 138, 5, 100, 0, 0, '', '2016-07-16 12:47:43'),
(800, 138, 5, 100, 0, 0, '', '2016-07-16 12:47:43'),
(801, 138, 5, 100, 0, 0, '', '2016-07-16 12:47:43'),
(802, 138, 5, 100, 0, 0, '', '2016-07-16 12:47:43'),
(803, 138, 5, 100, 0, 0, '', '2016-07-16 12:47:43'),
(804, 138, 5, 100, 0, 0, '', '2016-07-16 12:47:43'),
(805, 138, 3, 0, 0, 0, '', '2016-07-16 12:50:35'),
(806, 138, 3, 0, 0, 0, '', '2016-07-16 12:55:34'),
(807, 138, 10, 0, 0, 1, '', '2016-07-17 15:58:29'),
(808, 138, 11, 0, 0, 0, '', '2016-07-17 15:58:29'),
(809, 138, 12, 0, 0, 0, '', '2016-07-17 15:58:29'),
(811, 138, 3, 0, 0, 0, '', '2016-07-17 16:07:11'),
(812, 139, 12, 0, 0, 0, '', '2016-07-17 23:00:07'),
(813, 140, 10, 0, 0, 1, '', '2016-07-17 23:02:19'),
(814, 140, 5, 100, 0, 0, '', '2016-07-17 23:02:24'),
(815, 140, 6, 0, 0, 1, 'M', '2016-07-17 23:02:26'),
(821, 140, 9, 600, 0, 0, '', '2016-07-17 23:02:48'),
(822, 141, 11, 0, 0, 0, '', '2016-07-17 23:06:27'),
(824, 141, 6, 0, 0, 1, 'M', '2016-07-17 23:06:33'),
(830, 141, 3, 0, 0, 0, '', '2016-07-17 23:08:36'),
(831, 141, 3, 0, 0, 0, '', '2016-07-19 20:41:19'),
(832, 141, 3, 0, 0, 0, '', '2016-07-19 20:42:39'),
(833, 141, 3, 0, 0, 0, '', '2016-07-19 20:51:47'),
(834, 141, 3, 0, 0, 0, '', '2016-07-19 20:52:28'),
(835, 141, 13, 0, 0, 1, '', '2016-07-19 20:53:56'),
(836, 141, 12, 0, 0, 0, '', '2016-07-19 21:03:12'),
(837, 141, 14, 0, 0, 0, '', '2016-07-19 21:51:31'),
(844, 141, 5, 100, 0, 0, '', '2016-07-23 14:36:03'),
(845, 141, 5, 100, 0, 0, '', '2016-07-23 14:36:03'),
(846, 141, 5, 100, 0, 0, '', '2016-07-23 14:36:03'),
(847, 141, 5, 100, 0, 0, '', '2016-07-23 14:36:03'),
(848, 141, 12, 0, 0, 0, '', '2016-07-23 14:36:32'),
(849, 141, 15, 0, 0, 0, '', '2016-07-23 14:41:29'),
(850, 141, 14, 0, 0, 0, '', '2016-07-23 14:50:58'),
(851, 141, 12, 0, 0, 0, '', '2016-07-23 14:51:54'),
(852, 142, 17, 0, 0, 1, '', '2016-07-23 19:47:58'),
(854, 142, 6, 0, 0, 1, 'M', '2016-07-23 19:55:50'),
(860, 142, 3, 0, 0, 0, '', '2016-07-23 19:57:11'),
(861, 142, 3, 0, 0, 0, '', '2016-07-23 20:07:10'),
(862, 142, 3, 0, 0, 0, '', '2016-07-23 20:08:03'),
(864, 142, 3, 0, 0, 0, '', '2016-07-23 20:09:17'),
(865, 142, 3, 0, 0, 0, '', '2016-07-23 20:21:13'),
(867, 142, 3, 0, 0, 0, '', '2016-07-23 20:25:05'),
(868, 142, 3, 0, 0, 0, '', '2016-07-23 20:29:37'),
(869, 142, 3, 0, 0, 0, '', '2016-07-23 20:39:24'),
(870, 142, 12, 0, 0, 0, '', '2016-07-23 20:50:02'),
(871, 142, 12, 0, 0, 0, '', '2016-07-23 20:57:29'),
(872, 142, 5, 100, 0, 0, '', '2016-07-23 21:07:46'),
(873, 142, 5, 100, 0, 0, '', '2016-07-23 21:07:46'),
(880, 143, 10, 0, 0, 0, '', '2016-07-24 14:26:09'),
(882, 143, 6, 0, 0, 1, 'M', '2016-07-24 14:26:32'),
(891, 143, 3, 0, 0, 0, '', '2016-07-24 14:31:45'),
(892, 143, 1, 5000, 0, 0, '', '2016-07-24 14:49:06'),
(893, 143, 12, 0, 0, 0, '', '2016-07-24 14:57:09'),
(894, 143, 20, 0, 0, 0, '', '2016-07-24 15:26:57'),
(895, 144, 17, 0, 0, 1, '', '2016-07-25 18:24:11'),
(897, 144, 6, 0, 0, 1, 'M', '2016-07-25 18:24:31'),
(910, 144, 3, 0, 0, 0, '', '2016-07-25 18:34:23'),
(913, 144, 3, 0, 0, 0, '', '2016-07-25 18:43:15'),
(914, 144, 3, 0, 0, 0, '', '2016-07-25 18:46:23'),
(915, 145, 12, 0, 0, 0, '', '2016-07-25 18:57:34'),
(916, 145, 5, 100, 0, 0, '', '2016-07-25 18:57:39'),
(917, 145, 6, 0, 0, 0, 'M', '2016-07-25 18:57:41'),
(923, 145, 9, 600, 0, 0, '', '2016-07-25 18:57:48'),
(924, 145, 3, 0, 0, 0, '', '2016-07-25 18:59:27'),
(926, 145, 3, 0, 0, 0, '', '2016-07-25 19:02:47'),
(928, 145, 12, 0, 0, 0, '', '2016-07-25 19:15:21'),
(929, 145, 21, 0, 0, 0, '', '2016-07-25 19:20:06'),
(930, 145, 18, 0, 0, 0, '', '2016-07-25 19:29:40'),
(931, 145, 22, 0, 0, 0, 'Stretch', '2016-07-25 19:58:40'),
(932, 145, 15, 0, 0, 1, '', '2016-07-26 18:08:18'),
(933, 145, 1, 5000, 0, 0, '', '2016-07-27 21:43:07'),
(934, 145, 3, 0, 0, 0, '', '2016-07-27 21:47:10'),
(935, 145, 15, 0, 0, 0, '', '2016-07-27 21:50:01'),
(936, 145, 20, 0, 0, 1, 'XXXXL', '2016-07-30 11:15:07'),
(937, 145, 23, 0, 0, 1, 'XXXXL', '2016-07-30 11:18:48');

-- --------------------------------------------------------

--
-- Table structure for table `tblcharacteroverridexr`
--

CREATE TABLE IF NOT EXISTS `tblcharacteroverridexr` (
  `intCharacterOverrideXRID` int(11) NOT NULL AUTO_INCREMENT,
  `intRPGCharacterID` int(11) NOT NULL,
  `intOverrideID` int(11) NOT NULL,
  PRIMARY KEY (`intCharacterOverrideXRID`),
  KEY `intRPGCharacterID` (`intRPGCharacterID`),
  KEY `intRPGCharacterID_2` (`intRPGCharacterID`),
  KEY `intOverrideID` (`intOverrideID`)
) ENGINE=InnoDB  DEFAULT CHARSET=latin1 AUTO_INCREMENT=688 ;

--
-- Dumping data for table `tblcharacteroverridexr`
--

INSERT INTO `tblcharacteroverridexr` (`intCharacterOverrideXRID`, `intRPGCharacterID`, `intOverrideID`) VALUES
(388, 95, 1),
(389, 95, 2),
(390, 95, 4),
(393, 96, 1),
(394, 96, 2),
(395, 96, 4),
(396, 96, 1),
(397, 96, 2),
(398, 96, 4),
(399, 96, 1),
(400, 96, 2),
(401, 96, 4),
(402, 96, 1),
(403, 96, 2),
(404, 96, 4),
(405, 96, 1),
(406, 96, 2),
(407, 96, 4),
(412, 97, 4),
(413, 97, 1),
(414, 97, 2),
(415, 97, 1),
(416, 97, 2),
(417, 97, 4),
(418, 97, 1),
(419, 97, 2),
(420, 97, 4),
(421, 97, 1),
(422, 97, 2),
(423, 97, 4),
(430, 99, 1),
(431, 99, 2),
(432, 99, 4),
(437, 101, 4),
(446, 104, 4),
(447, 104, 4),
(454, 106, 1),
(455, 106, 2),
(456, 106, 4),
(457, 106, 1),
(458, 106, 2),
(459, 106, 4),
(460, 106, 1),
(461, 106, 2),
(462, 106, 4),
(463, 106, 1),
(464, 106, 2),
(465, 106, 4),
(466, 106, 1),
(467, 106, 2),
(468, 106, 4),
(469, 106, 1),
(470, 106, 2),
(471, 106, 4),
(474, 97, 1),
(475, 97, 2),
(476, 97, 4),
(479, 106, 1),
(480, 106, 2),
(481, 106, 4),
(482, 106, 1),
(483, 106, 2),
(484, 106, 4),
(485, 106, 1),
(486, 106, 2),
(487, 106, 4),
(488, 106, 1),
(489, 106, 2),
(490, 106, 4),
(491, 106, 1),
(492, 106, 2),
(493, 106, 4),
(494, 106, 1),
(495, 106, 2),
(496, 106, 4),
(497, 106, 1),
(498, 106, 2),
(499, 106, 4),
(500, 106, 1),
(501, 106, 2),
(502, 106, 4),
(503, 106, 1),
(504, 106, 2),
(505, 106, 4),
(506, 106, 1),
(507, 106, 2),
(508, 106, 4),
(509, 106, 1),
(510, 106, 2),
(511, 106, 4),
(512, 106, 1),
(513, 106, 2),
(514, 106, 4),
(515, 106, 1),
(516, 106, 2),
(517, 106, 4),
(518, 106, 1),
(519, 106, 2),
(520, 106, 4),
(526, 109, 4),
(527, 109, 4),
(530, 110, 1),
(531, 110, 2),
(533, 110, 4),
(540, 111, 4),
(546, 117, 3),
(549, 106, 1),
(550, 106, 2),
(551, 106, 4),
(554, 120, 1),
(555, 120, 2),
(556, 120, 1),
(557, 120, 2),
(560, 138, 1),
(561, 138, 2),
(562, 138, 4),
(563, 138, 1),
(564, 138, 2),
(565, 138, 4),
(566, 138, 1),
(567, 138, 2),
(568, 138, 4),
(569, 138, 1),
(570, 138, 2),
(571, 138, 4),
(572, 138, 1),
(573, 138, 2),
(574, 138, 4),
(575, 139, 3),
(578, 140, 1),
(579, 140, 2),
(580, 140, 4),
(587, 142, 1),
(588, 142, 2),
(589, 142, 4),
(590, 142, 1),
(591, 142, 2),
(592, 142, 4),
(605, 142, 1),
(606, 142, 2),
(607, 142, 4),
(624, 143, 1),
(625, 143, 2),
(627, 143, 4),
(628, 143, 1),
(629, 143, 2),
(630, 143, 4),
(650, 144, 1),
(651, 144, 2),
(652, 144, 4),
(653, 144, 1),
(654, 144, 2),
(655, 144, 4),
(660, 145, 4),
(679, 145, 4);

-- --------------------------------------------------------

--
-- Table structure for table `tblcharacterstats`
--

CREATE TABLE IF NOT EXISTS `tblcharacterstats` (
  `intCharacterStatsID` int(11) NOT NULL AUTO_INCREMENT,
  `intRPGCharacterID` int(11) NOT NULL,
  `intMaxHP` int(11) NOT NULL,
  `intStrength` int(11) NOT NULL,
  `intIntelligence` int(11) NOT NULL,
  `intAgility` int(11) NOT NULL,
  `intVitality` int(11) NOT NULL,
  `intWillpower` int(11) NOT NULL,
  `intDexterity` int(11) NOT NULL,
  `intEvasion` int(11) NOT NULL,
  `intCritDamage` int(11) NOT NULL,
  `intPierce` int(11) NOT NULL,
  `intBlockRate` int(11) NOT NULL,
  `intBlockReduction` int(11) NOT NULL,
  PRIMARY KEY (`intCharacterStatsID`),
  KEY `intRPGCharacterID` (`intRPGCharacterID`)
) ENGINE=InnoDB  DEFAULT CHARSET=latin1 AUTO_INCREMENT=145 ;

--
-- Dumping data for table `tblcharacterstats`
--

INSERT INTO `tblcharacterstats` (`intCharacterStatsID`, `intRPGCharacterID`, `intMaxHP`, `intStrength`, `intIntelligence`, `intAgility`, `intVitality`, `intWillpower`, `intDexterity`, `intEvasion`, `intCritDamage`, `intPierce`, `intBlockRate`, `intBlockReduction`) VALUES
(93, 94, 10, 5, 5, 5, 5, 5, 5, 0, 150, 0, 0, 10),
(94, 95, 10, 5, 5, 5, 5, 5, 5, 0, 150, 0, 0, 10),
(95, 96, 10, 5, 5, 5, 5, 5, 5, 0, 150, 0, 0, 10),
(96, 97, 10, 5, 5, 5, 5, 5, 5, 0, 150, 0, 0, 10),
(97, 98, 10, 5, 5, 5, 5, 5, 5, 0, 150, 0, 0, 10),
(98, 99, 10, 5, 5, 5, 5, 5, 5, 0, 150, 0, 0, 10),
(99, 100, 10, 5, 5, 5, 5, 5, 5, 0, 150, 0, 0, 10),
(100, 101, 10, 5, 5, 5, 5, 5, 5, 0, 150, 0, 0, 10),
(101, 102, 10, 5, 5, 5, 5, 5, 5, 0, 150, 0, 0, 10),
(102, 103, 10, 5, 5, 5, 5, 5, 5, 0, 150, 0, 0, 10),
(103, 104, 10, 5, 5, 5, 5, 5, 5, 0, 150, 0, 0, 10),
(104, 105, 10, 5, 5, 5, 5, 5, 5, 0, 150, 0, 0, 10),
(105, 106, 10, 5, 5, 5, 5, 5, 5, 0, 150, 0, 0, 10),
(106, 107, 10, 5, 5, 5, 5, 5, 5, 0, 150, 0, 0, 10),
(107, 108, 10, 5, 5, 5, 5, 5, 5, 0, 150, 0, 0, 10),
(108, 109, 10, 5, 5, 5, 5, 5, 5, 0, 150, 0, 0, 10),
(109, 110, 10, 5, 5, 5, 5, 5, 5, 0, 150, 0, 0, 10),
(110, 111, 10, 5, 5, 5, 5, 5, 5, 0, 150, 0, 0, 10),
(111, 112, 10, 5, 5, 5, 5, 5, 5, 0, 150, 0, 0, 10),
(112, 113, 10, 5, 5, 5, 5, 5, 5, 0, 150, 0, 0, 10),
(113, 114, 10, 5, 5, 5, 5, 5, 5, 0, 150, 0, 0, 10),
(114, 115, 10, 5, 5, 5, 5, 5, 5, 0, 150, 0, 0, 10),
(115, 116, 10, 5, 5, 5, 5, 5, 5, 0, 150, 0, 0, 10),
(116, 117, 10, 5, 5, 5, 5, 5, 5, 0, 150, 0, 0, 10),
(117, 118, 10, 5, 5, 5, 5, 5, 5, 0, 150, 0, 0, 10),
(118, 119, 10, 5, 5, 5, 5, 5, 5, 0, 150, 0, 0, 10),
(119, 120, 10, 5, 5, 5, 5, 5, 5, 0, 150, 0, 0, 10),
(120, 121, 10, 5, 5, 5, 5, 5, 5, 0, 150, 0, 0, 10),
(121, 122, 10, 5, 5, 5, 5, 5, 5, 0, 150, 0, 0, 10),
(122, 123, 10, 5, 5, 5, 5, 5, 5, 0, 150, 0, 0, 10),
(123, 124, 10, 5, 5, 5, 5, 5, 5, 0, 150, 0, 0, 10),
(124, 125, 10, 5, 5, 5, 5, 5, 5, 0, 150, 0, 0, 10),
(125, 126, 10, 5, 5, 5, 5, 5, 5, 0, 150, 0, 0, 10),
(126, 127, 10, 5, 5, 5, 5, 5, 5, 0, 150, 0, 0, 10),
(127, 128, 10, 5, 5, 5, 5, 5, 5, 0, 150, 0, 0, 10),
(128, 129, 10, 5, 5, 5, 5, 5, 5, 0, 150, 0, 0, 10),
(129, 130, 10, 5, 5, 5, 5, 5, 5, 0, 150, 0, 0, 10),
(130, 131, 10, 5, 5, 5, 5, 5, 5, 0, 150, 0, 0, 10),
(131, 132, 10, 5, 5, 5, 5, 5, 5, 0, 150, 0, 0, 10),
(132, 133, 10, 5, 5, 5, 5, 5, 5, 0, 150, 0, 0, 10),
(133, 134, 10, 5, 5, 5, 5, 5, 5, 0, 150, 0, 0, 10),
(134, 135, 10, 5, 5, 5, 5, 5, 5, 0, 150, 0, 0, 10),
(135, 136, 10, 5, 5, 5, 5, 5, 5, 0, 150, 0, 0, 10),
(136, 137, 10, 5, 5, 5, 5, 5, 5, 0, 150, 0, 0, 10),
(137, 138, 10, 5, 5, 5, 5, 5, 5, 0, 150, 0, 0, 10),
(138, 139, 10, 5, 5, 5, 5, 5, 5, 0, 150, 0, 0, 10),
(139, 140, 10, 5, 5, 5, 5, 5, 5, 0, 150, 0, 0, 10),
(140, 141, 10, 5, 5, 5, 5, 5, 5, 0, 150, 0, 0, 10),
(141, 142, 10, 5, 5, 5, 5, 5, 5, 0, 150, 0, 0, 10),
(142, 143, 10, 5, 5, 5, 5, 5, 5, 0, 150, 0, 0, 10),
(143, 144, 10, 5, 5, 5, 5, 5, 5, 0, 150, 0, 0, 10),
(144, 145, 10, 5, 5, 5, 5, 5, 5, 0, 150, 0, 0, 10);

-- --------------------------------------------------------

--
-- Table structure for table `tblcharacterstatuseffectxr`
--

CREATE TABLE IF NOT EXISTS `tblcharacterstatuseffectxr` (
  `intCharacterStatusEffectXRID` int(11) NOT NULL AUTO_INCREMENT,
  `intRPGCharacterID` int(11) NOT NULL,
  `intStatusEffectID` int(11) NOT NULL,
  `intItemInstanceID` int(11) DEFAULT NULL,
  `intTimeRemaining` int(11) DEFAULT NULL,
  PRIMARY KEY (`intCharacterStatusEffectXRID`),
  KEY `intRPGCharacterID` (`intRPGCharacterID`),
  KEY `intStatusEffectID` (`intStatusEffectID`),
  KEY `intItemInstanceID` (`intItemInstanceID`)
) ENGINE=InnoDB  DEFAULT CHARSET=latin1 AUTO_INCREMENT=338 ;

--
-- Dumping data for table `tblcharacterstatuseffectxr`
--

INSERT INTO `tblcharacterstatuseffectxr` (`intCharacterStatusEffectXRID`, `intRPGCharacterID`, `intStatusEffectID`, `intItemInstanceID`, `intTimeRemaining`) VALUES
(195, 95, 1, NULL, 9999),
(196, 95, 2, NULL, 9999),
(197, 95, 3, NULL, 9999),
(198, 95, 4, NULL, 9999),
(199, 96, 1, NULL, 9999),
(200, 96, 2, NULL, 9999),
(201, 96, 3, NULL, 9999),
(202, 96, 4, NULL, 9999),
(203, 97, 4, NULL, 9999),
(204, 97, 1, NULL, 9999),
(205, 97, 2, NULL, 9999),
(206, 97, 3, NULL, 9999),
(210, 99, 1, NULL, 9999),
(211, 99, 2, NULL, 9999),
(212, 99, 3, NULL, 9999),
(213, 99, 4, NULL, 9999),
(214, 101, 4, NULL, 9999),
(218, 104, 4, NULL, 9999),
(223, 106, 1, NULL, 9999),
(224, 106, 2, NULL, 9999),
(225, 106, 3, NULL, 9999),
(226, 106, 4, NULL, 9999),
(231, 109, 4, NULL, 9999),
(232, 110, 1, NULL, 9999),
(233, 110, 2, NULL, 9999),
(234, 110, 3, NULL, 9999),
(235, 110, 4, NULL, 9999),
(240, 111, 4, NULL, 9999),
(241, 120, 1, NULL, 9999),
(242, 120, 2, NULL, 9999),
(243, 120, 3, NULL, 9999),
(244, 138, 1, NULL, 9999),
(245, 138, 2, NULL, 9999),
(246, 138, 3, NULL, 9999),
(247, 138, 4, NULL, 9999),
(248, 140, 1, NULL, 9999),
(249, 140, 2, NULL, 9999),
(250, 140, 3, NULL, 9999),
(251, 140, 4, NULL, 9999),
(255, 142, 1, NULL, 9999),
(256, 142, 2, NULL, 9999),
(257, 142, 3, NULL, 9999),
(258, 142, 4, NULL, 9999),
(283, 143, 2, NULL, 9999),
(284, 143, 3, NULL, 9999),
(286, 143, 4, NULL, 9999),
(304, 144, 1, NULL, 9999),
(305, 144, 2, NULL, 9999),
(306, 144, 3, NULL, 9999),
(307, 144, 4, NULL, 9999),
(311, 145, 4, NULL, 9999);

-- --------------------------------------------------------

--
-- Table structure for table `tblclass`
--

CREATE TABLE IF NOT EXISTS `tblclass` (
  `intClassID` int(11) NOT NULL AUTO_INCREMENT,
  `strClassName` varchar(45) NOT NULL,
  `txtClassDescription` text NOT NULL,
  PRIMARY KEY (`intClassID`)
) ENGINE=InnoDB  DEFAULT CHARSET=latin1 AUTO_INCREMENT=4 ;

--
-- Dumping data for table `tblclass`
--

INSERT INTO `tblclass` (`intClassID`, `strClassName`, `txtClassDescription`) VALUES
(1, 'Merchant', 'A class that is more concerned with earning money than increasing their combat prowess. Usually hires mercenaries to fight for them.'),
(2, 'Feeder', 'A class that is focused on feeding your enemies and allies during and outside of battle. Uses old fashioned methods instead of the arcane.'),
(3, 'Manipulator', 'A class that manipulates their surrounding environment to create a favourable situation during battle.');

-- --------------------------------------------------------

--
-- Table structure for table `tblclassskillxr`
--

CREATE TABLE IF NOT EXISTS `tblclassskillxr` (
  `intClassSkillXRID` int(11) NOT NULL AUTO_INCREMENT,
  `intClassID` int(11) NOT NULL,
  `intSkillID` int(11) NOT NULL,
  `intRequiredClassLevel` int(11) NOT NULL,
  PRIMARY KEY (`intClassSkillXRID`),
  KEY `intClassID` (`intClassID`),
  KEY `intSkillID` (`intSkillID`)
) ENGINE=InnoDB  DEFAULT CHARSET=latin1 AUTO_INCREMENT=3 ;

--
-- Dumping data for table `tblclassskillxr`
--

INSERT INTO `tblclassskillxr` (`intClassSkillXRID`, `intClassID`, `intSkillID`, `intRequiredClassLevel`) VALUES
(1, 2, 1, 1),
(2, 3, 2, 1);

-- --------------------------------------------------------

--
-- Table structure for table `tblclothingdesc`
--

CREATE TABLE IF NOT EXISTS `tblclothingdesc` (
  `intClothingDescID` int(11) NOT NULL AUTO_INCREMENT,
  `intItemID` int(11) NOT NULL,
  `strXML` varchar(45) NOT NULL,
  PRIMARY KEY (`intClothingDescID`),
  KEY `intItemID` (`intItemID`)
) ENGINE=InnoDB  DEFAULT CHARSET=latin1 AUTO_INCREMENT=8 ;

--
-- Dumping data for table `tblclothingdesc`
--

INSERT INTO `tblclothingdesc` (`intClothingDescID`, `intItemID`, `strXML`) VALUES
(3, 6, 'Both/cuirass.xml'),
(4, 7, 'Tops/tanktop.xml'),
(5, 8, 'Bottoms/jeans.xml'),
(6, 22, 'Both/leathermail.xml'),
(7, 23, 'Tops/succubuscorset.xml');

-- --------------------------------------------------------

--
-- Table structure for table `tblenchant`
--

CREATE TABLE IF NOT EXISTS `tblenchant` (
  `intEnchantID` int(11) NOT NULL AUTO_INCREMENT,
  `strEnchantName` varchar(45) NOT NULL,
  `strEnchantType` enum('Prefix','Suffix') NOT NULL,
  `dtmCreatedOn` datetime NOT NULL,
  `strCreatedBy` varchar(45) NOT NULL,
  `dtmModifiedOn` datetime DEFAULT NULL,
  `strModifiedBy` varchar(45) DEFAULT NULL,
  PRIMARY KEY (`intEnchantID`)
) ENGINE=InnoDB  DEFAULT CHARSET=latin1 AUTO_INCREMENT=3 ;

--
-- Dumping data for table `tblenchant`
--

INSERT INTO `tblenchant` (`intEnchantID`, `strEnchantName`, `strEnchantType`, `dtmCreatedOn`, `strCreatedBy`, `dtmModifiedOn`, `strModifiedBy`) VALUES
(1, 'Fattening', 'Prefix', '2014-11-04 21:26:02', 'akereliuk', NULL, NULL),
(2, 'Eternally Binding', 'Suffix', '2014-11-04 21:26:02', 'akereliuk', NULL, NULL);

-- --------------------------------------------------------

--
-- Table structure for table `tblenchantstatchanges`
--

CREATE TABLE IF NOT EXISTS `tblenchantstatchanges` (
  `intEnchantStatChangeID` int(11) NOT NULL AUTO_INCREMENT,
  `intEnchantID` int(11) NOT NULL,
  `strStatName` varchar(45) DEFAULT NULL,
  `intStatChangeMin` int(11) NOT NULL,
  `intStatChangeMax` int(11) NOT NULL,
  `intStatusEffectID` int(11) NOT NULL,
  PRIMARY KEY (`intEnchantStatChangeID`),
  KEY `intEnchantID` (`intEnchantID`),
  KEY `intStatusEffectID` (`intStatusEffectID`)
) ENGINE=InnoDB  DEFAULT CHARSET=latin1 AUTO_INCREMENT=4 ;

--
-- Dumping data for table `tblenchantstatchanges`
--

INSERT INTO `tblenchantstatchanges` (`intEnchantStatChangeID`, `intEnchantID`, `strStatName`, `intStatChangeMin`, `intStatChangeMax`, `intStatusEffectID`) VALUES
(1, 1, NULL, 0, 0, 1),
(2, 2, NULL, 0, 0, 2),
(3, 2, NULL, 0, 0, 3);

-- --------------------------------------------------------

--
-- Table structure for table `tblevent`
--

CREATE TABLE IF NOT EXISTS `tblevent` (
  `intEventID` int(11) NOT NULL AUTO_INCREMENT,
  `strEventName` varchar(45) NOT NULL,
  `txtEventDesc` text,
  `strXML` varchar(45) NOT NULL,
  `strEventType` varchar(45) NOT NULL DEFAULT 'Event',
  `blnRepeating` tinyint(1) NOT NULL DEFAULT '1',
  `dtmCreatedOn` datetime NOT NULL,
  `strCreatedBy` varchar(45) NOT NULL,
  `dtmModifiedOn` datetime DEFAULT NULL,
  `strModifiedBy` varchar(45) DEFAULT NULL,
  PRIMARY KEY (`intEventID`)
) ENGINE=InnoDB  DEFAULT CHARSET=latin1 AUTO_INCREMENT=23 ;

--
-- Dumping data for table `tblevent`
--

INSERT INTO `tblevent` (`intEventID`, `strEventName`, `txtEventDesc`, `strXML`, `strEventType`, `blnRepeating`, `dtmCreatedOn`, `strCreatedBy`, `dtmModifiedOn`, `strModifiedBy`) VALUES
(1, 'Standstill', 'No event', 'standstill.xml', 'Standstill', 1, '2014-09-27 00:00:00', 'akereliuk', NULL, NULL),
(2, 'Tutorial Fairy', 'Character gets to talk to Tutorial Fairy', 'tutorialFairy.xml', 'Start Event', 0, '2014-09-27 00:00:00', 'akereliuk', NULL, NULL),
(3, 'Weight Gain', 'Character gains weight', 'weightgain.xml', 'Event', 1, '2014-09-27 00:00:00', 'akereliuk', NULL, NULL),
(4, 'Eat Burger', 'Character eats burger', 'eatburger.xml', 'Event', 1, '2014-10-02 00:00:00', 'akereliuk', NULL, NULL),
(11, 'Leave Tower Event Long', 'When user leaves the tower for the first time to enter city.', 'leaveTowerLong.xml', 'Event', 0, '2016-02-12 00:00:00', 'admin', NULL, NULL),
(12, 'Leave Tower Event Short', 'When user leaves the tower after the first time.', 'leaveTowerShort.xml', 'Event', 1, '2016-02-12 00:00:00', 'admin', NULL, NULL),
(13, 'Sleep at Home', 'Character sleeps in their room at home.', 'sleepAtHome.xml', 'Event', 1, '2016-02-18 00:00:00', 'admin', NULL, NULL),
(14, 'Look at Home Mirror', 'Take a look at yourself in your full body mirror at home.', 'mirrorAtHome.xml', 'Event', 1, '2016-02-18 00:00:00', 'admin', NULL, NULL),
(15, 'Reset Stats at UoA', 'Reset your stats at the University of the Arcane.', 'resetStatsUoA.xml', 'Event', 1, '2016-02-18 00:00:00', 'admin', NULL, NULL),
(16, 'Disenchant Armour at UoA', 'Disenchant your currently equipped armour at the University of the Arcane.', 'disenchantAtUoA.xml', 'Event', 1, '2016-02-18 00:00:00', 'admin', NULL, NULL),
(17, 'Generic Combat', 'User given choice to engage in combat.', 'genericCombat.xml', 'Forced Combat', 1, '2016-06-15 00:00:00', 'admin', NULL, NULL),
(18, 'Generic Forced Combat', 'User is thrust into battle.', 'genericForceCombat.xml', 'Combat', 1, '2016-06-15 00:00:00', 'admin', NULL, NULL),
(19, 'Floor 1 Boss', 'Fight the goblin chief at the end of floor 1.', 'floor1Boss.xml', 'End Event', 1, '2016-07-16 00:00:00', 'admin', NULL, NULL),
(20, 'Generic Descend Floor', 'Shows staircase down and option to descend.', 'genericDescend.xml', 'Event', 1, '2016-07-16 00:00:00', 'admin', NULL, NULL),
(21, 'Generic Ascend Floor', 'Show staircase up and option to ascend.', 'genericAscend.xml', 'Event', 1, '2016-07-16 00:00:00', 'admin', NULL, NULL),
(22, 'Floor 2 Boss', 'Fight the succubus at the end of floor 2.', 'floor2Boss.xml', 'End Event', 1, '2016-07-21 00:00:00', 'admin', NULL, NULL);

-- --------------------------------------------------------

--
-- Table structure for table `tblexperiencechart`
--

CREATE TABLE IF NOT EXISTS `tblexperiencechart` (
  `intLevelID` int(11) NOT NULL AUTO_INCREMENT,
  `intExpToLvl` int(11) NOT NULL,
  `intCumulativeExp` int(11) NOT NULL,
  PRIMARY KEY (`intLevelID`)
) ENGINE=InnoDB  DEFAULT CHARSET=latin1 AUTO_INCREMENT=11 ;

--
-- Dumping data for table `tblexperiencechart`
--

INSERT INTO `tblexperiencechart` (`intLevelID`, `intExpToLvl`, `intCumulativeExp`) VALUES
(1, 1600, 1600),
(2, 3600, 5200),
(3, 6400, 11600),
(4, 10000, 21600),
(5, 14400, 36000),
(6, 19600, 55600),
(7, 25600, 81200),
(8, 32400, 113600),
(9, 40000, 153600),
(10, 48400, 202000);

-- --------------------------------------------------------

--
-- Table structure for table `tblfloor`
--

CREATE TABLE IF NOT EXISTS `tblfloor` (
  `intFloorID` int(11) NOT NULL AUTO_INCREMENT,
  `strFloorName` varchar(45) NOT NULL,
  `strFloorType` varchar(45) NOT NULL DEFAULT 'Town',
  `intDimension` int(11) NOT NULL DEFAULT '10',
  `strCreatedBy` varchar(45) NOT NULL,
  `dtmCreatedOn` datetime NOT NULL,
  `strModifiedBy` varchar(45) DEFAULT NULL,
  `dtmModifiedOn` datetime DEFAULT NULL,
  PRIMARY KEY (`intFloorID`),
  UNIQUE KEY `intFloorID` (`intFloorID`)
) ENGINE=InnoDB  DEFAULT CHARSET=latin1 AUTO_INCREMENT=3 ;

--
-- Dumping data for table `tblfloor`
--

INSERT INTO `tblfloor` (`intFloorID`, `strFloorName`, `strFloorType`, `intDimension`, `strCreatedBy`, `dtmCreatedOn`, `strModifiedBy`, `dtmModifiedOn`) VALUES
(1, 'Beginner Floor 1', 'Field', 7, 'akereliuk', '2014-09-20 00:00:00', NULL, NULL),
(2, 'Dungeon Floor', 'Field', 5, 'admin', '2016-07-19 00:00:00', NULL, NULL);

-- --------------------------------------------------------

--
-- Table structure for table `tblflooreventxr`
--

CREATE TABLE IF NOT EXISTS `tblflooreventxr` (
  `intFloorEventXRID` int(11) NOT NULL AUTO_INCREMENT,
  `intFloorID` int(11) NOT NULL,
  `intEventID` int(11) NOT NULL,
  `intOccurrenceRating` int(11) NOT NULL,
  PRIMARY KEY (`intFloorEventXRID`),
  KEY `intFloorID` (`intFloorID`,`intEventID`),
  KEY `intEventID` (`intEventID`)
) ENGINE=InnoDB  DEFAULT CHARSET=latin1 AUTO_INCREMENT=10 ;

--
-- Dumping data for table `tblflooreventxr`
--

INSERT INTO `tblflooreventxr` (`intFloorEventXRID`, `intFloorID`, `intEventID`, `intOccurrenceRating`) VALUES
(1, 1, 1, 9999),
(2, 1, 3, 1000),
(3, 1, 4, 1000),
(6, 1, 2, 9999),
(7, 1, 19, 9999),
(8, 2, 1, 9999),
(9, 2, 22, 9999);

-- --------------------------------------------------------

--
-- Table structure for table `tblfloornpcxr`
--

CREATE TABLE IF NOT EXISTS `tblfloornpcxr` (
  `intFloorNPCXRID` int(11) NOT NULL AUTO_INCREMENT,
  `intFloorID` int(11) NOT NULL,
  `intNPCID` int(11) NOT NULL,
  `intOccurrenceRating` int(11) NOT NULL DEFAULT '0',
  PRIMARY KEY (`intFloorNPCXRID`),
  KEY `intFloorID` (`intFloorID`),
  KEY `intNPCID` (`intNPCID`)
) ENGINE=InnoDB  DEFAULT CHARSET=latin1 AUTO_INCREMENT=9 ;

--
-- Dumping data for table `tblfloornpcxr`
--

INSERT INTO `tblfloornpcxr` (`intFloorNPCXRID`, `intFloorID`, `intNPCID`, `intOccurrenceRating`) VALUES
(1, 1, 1, 1000),
(2, 1, 2, 9999),
(3, 1, 3, 1000),
(4, 1, 5, 9999),
(5, 2, 4, 1000),
(6, 2, 6, 1000),
(7, 2, 8, 9999),
(8, 2, 7, 1000);

-- --------------------------------------------------------

--
-- Table structure for table `tblitem`
--

CREATE TABLE IF NOT EXISTS `tblitem` (
  `intItemID` int(11) NOT NULL AUTO_INCREMENT,
  `strItemName` varchar(45) NOT NULL,
  `txtItemDesc` text NOT NULL,
  `strItemType` enum('Weapon:Blunt','Weapon:Sword','Weapon:Axe','Weapon:Shield','Weapon:Staff','Weapon:Tome','Weapon:Wand','Weapon:Dagger','Weapon:Shuriken','Weapon:Pistols','Weapon:Rifle','Weapon:Bow','Weapon:Claws','Weapon:Gloves','Armour:Top','Armour:Bottom','Armour:Armour','Accessory','Food','Potion','Gem','Material','Quest') NOT NULL,
  `strHandType` varchar(45) DEFAULT NULL,
  `intCalories` int(11) DEFAULT NULL,
  `intHPHeal` int(11) NOT NULL DEFAULT '0',
  `intDamage` int(11) DEFAULT NULL,
  `intMagicDamage` int(11) DEFAULT NULL,
  `intDefence` int(11) DEFAULT NULL,
  `intMagicDefence` int(11) DEFAULT NULL,
  `intWaitTime` int(11) NOT NULL DEFAULT '0',
  `strStatDamage` varchar(45) DEFAULT 'Strength',
  `intSellPrice` int(11) NOT NULL DEFAULT '1',
  `strCreatedBy` varchar(45) NOT NULL,
  `dtmCreatedOn` datetime NOT NULL,
  `strModifiedBy` varchar(45) DEFAULT NULL,
  `dtmModifiedOn` datetime DEFAULT NULL,
  PRIMARY KEY (`intItemID`)
) ENGINE=InnoDB  DEFAULT CHARSET=latin1 AUTO_INCREMENT=24 ;

--
-- Dumping data for table `tblitem`
--

INSERT INTO `tblitem` (`intItemID`, `strItemName`, `txtItemDesc`, `strItemType`, `strHandType`, `intCalories`, `intHPHeal`, `intDamage`, `intMagicDamage`, `intDefence`, `intMagicDefence`, `intWaitTime`, `strStatDamage`, `intSellPrice`, `strCreatedBy`, `dtmCreatedOn`, `strModifiedBy`, `dtmModifiedOn`) VALUES
(1, 'Mysterious Hamburger', 'A warm hamburger found on the ground during an event with more calories than usual.', 'Food', NULL, 5000, 2, NULL, NULL, NULL, NULL, 0, NULL, 1, 'akereliuk', '2014-10-09 19:58:50', NULL, NULL),
(3, 'Goblin Mace', 'A blunt mace likely to be used by goblins.', 'Weapon:Blunt', 'Primary', NULL, 0, 2, NULL, NULL, NULL, 35, 'Strength', 1, 'akereliuk', '2014-10-25 19:55:58', NULL, NULL),
(5, 'Small Health Potion', 'A small potion that will recover some of your health points. Use it when you are injured.', 'Potion', NULL, 100, 5, NULL, NULL, NULL, NULL, 0, 'Strength', 1, 'admin', '2016-03-11 00:00:00', NULL, NULL),
(6, 'Leather Cuirass', 'A light leather cuirass meant to be worn on top of clothes. The bottom is a skirt which leaves the lower body unprotected. Great for mobility.', 'Armour:Armour', NULL, NULL, 0, NULL, NULL, 2, NULL, 10, NULL, 1, 'admin', '2016-04-08 00:00:00', NULL, NULL),
(7, 'Tanktop', 'A simple tanktop.', 'Armour:Top', NULL, NULL, 0, NULL, NULL, 1, NULL, 2, NULL, 1, 'admin', '2016-04-08 00:00:00', NULL, NULL),
(8, 'Jeans', 'Straight blue jeans.', 'Armour:Bottom', NULL, NULL, 0, NULL, NULL, 1, NULL, 3, NULL, 1, 'admin', '2016-04-08 00:00:00', NULL, NULL),
(9, 'Chocolate Cupcake', 'A delicious chocolate glazed cupcake. Yummy!', 'Food', NULL, 600, 1, NULL, NULL, NULL, NULL, 0, NULL, 1, 'admin', '2016-07-05 00:00:00', NULL, NULL),
(10, 'Wooden Stick', 'A rugged wooden stick that could potentially be used as a weapon, albeit not a very effective one.', 'Weapon:Sword', 'Primary', NULL, 0, 1, NULL, NULL, NULL, 10, 'Strength', 1, 'admin', '2016-07-14 00:00:00', NULL, NULL),
(11, 'Broad Stick', 'A stick with more girth than your average tree branch, equipped with a trunk-like tip making it much more viable for combat.', 'Weapon:Blunt', 'Primary', NULL, 0, 2, NULL, NULL, NULL, 20, 'Strength', 1, 'admin', '2016-07-14 00:00:00', NULL, NULL),
(12, 'Wooden Axe', 'A bit of woodwork and a few sturdy logs and you''ve got yourself a fairly durable axe weapon. Not nearly as effective as a metal axe, but certainly cheaper.', 'Weapon:Axe', 'Primary', NULL, 0, 2, NULL, NULL, NULL, 20, 'Strength', 1, 'admin', '2016-07-14 00:00:00', NULL, NULL),
(13, 'Hammer', 'A one-handed hammer consisting of a metallic striking head fastened to a wooden handle. In the right hands, this could dish out some heavy blows.', 'Weapon:Blunt', 'Primary', NULL, 0, 8, NULL, NULL, NULL, 25, 'Strength', 1, 'admin', '2016-07-14 00:00:00', NULL, NULL),
(14, 'Arming Sword', 'A knightly sword about the length of a grown man''s arm, commonly wielded with one hand. The blade is well made, with a shallow fuller running along the length of the blade to provide flexibility. The guard extends in a cross-like pattern three inches in either direction from the blade.', 'Weapon:Sword', 'Primary', NULL, 0, 4, NULL, NULL, NULL, 15, 'Strength', 10, 'admin', '2016-07-19 00:00:00', NULL, NULL),
(15, 'Wooden Buckler', 'A round wooden slab with a beveled metallic plate in the center. Thick enough to nullify damage from a typical bladed assault.', 'Weapon:Shield', 'Secondary', NULL, 0, NULL, NULL, 5, NULL, 5, 'Strength', 1, 'admin', '2016-07-19 00:00:00', NULL, NULL),
(16, 'Wooden Bow', 'An arced wooden rod with a string joining both ends. Bend back the string to shoot arrows with piercing tips to inflict wounds to your enemies.', 'Weapon:Bow', 'Both', NULL, 0, 2, NULL, NULL, NULL, 10, 'Strength', 1, 'admin', '2016-07-19 00:00:00', NULL, NULL),
(17, 'Wooden Staff', 'A long wooden rod with an arched tip. Magic can be channeled through this staff as it was created from enchanted wood.', 'Weapon:Staff', 'Both', NULL, 0, 0, 2, NULL, NULL, 10, 'Intelligence', 1, 'admin', '2016-07-19 00:00:00', NULL, NULL),
(18, 'Magi Rod', 'A scepter-like iron rod with a sapphire gemstone encapsulated in the tip.', 'Weapon:Wand', 'Primary', NULL, 0, NULL, 10, NULL, NULL, 5, 'Intelligence', 20, 'admin', '2016-07-21 00:00:00', NULL, NULL),
(20, 'Longsword', 'A blade with significantly more reach than your average arming sword. Best used with a shield.', 'Weapon:Sword', 'Primary', NULL, 0, 8, NULL, NULL, NULL, 15, 'Strength', 5, 'admin', '2016-07-24 00:00:00', NULL, NULL),
(21, 'Magi Staff', 'A long iron rod with an cupped sapphire gemstone at the tip. Its respectable magical capacity comes at the expense of its heavier weight.', 'Weapon:Staff', 'Both', NULL, 0, NULL, 8, NULL, NULL, 25, 'Intelligence', 5, 'admin', '2016-07-24 00:00:00', NULL, NULL),
(22, 'Leather Mail', 'This armour consists of light chainmail with a leather chestpiece over top. Steel cuisses cover the thighs. The chestpiece is constructed by fastening multiple layers of leather together then sturdily sewing it.', 'Armour:Armour', NULL, NULL, 0, NULL, NULL, 5, NULL, 15, NULL, 5, 'admin', '2016-07-25 00:00:00', NULL, NULL),
(23, 'Succubus Corset', 'A tightly fitting outfit that hardly covers the breasts and extends to the hips. It can be made to be even tighter by pulling the lacing. The material is stiffened and is designed to shape a woman''s figure.', 'Armour:Top', NULL, NULL, 0, NULL, NULL, 1, 4, 5, 'Strength', 10, 'admin', '2016-07-30 00:00:00', NULL, NULL);

-- --------------------------------------------------------

--
-- Table structure for table `tblitemenchantxr`
--

CREATE TABLE IF NOT EXISTS `tblitemenchantxr` (
  `intItemEnchantXRID` int(11) NOT NULL AUTO_INCREMENT,
  `intItemID` int(11) NOT NULL,
  `intEnchantID` int(11) NOT NULL,
  `intOccurrence` int(11) NOT NULL,
  PRIMARY KEY (`intItemEnchantXRID`),
  KEY `intItemID` (`intItemID`),
  KEY `intEnchantID` (`intEnchantID`)
) ENGINE=InnoDB  DEFAULT CHARSET=latin1 AUTO_INCREMENT=7 ;

--
-- Dumping data for table `tblitemenchantxr`
--

INSERT INTO `tblitemenchantxr` (`intItemEnchantXRID`, `intItemID`, `intEnchantID`, `intOccurrence`) VALUES
(5, 6, 1, 0),
(6, 6, 2, 0);

-- --------------------------------------------------------

--
-- Table structure for table `tbliteminstanceenchant`
--

CREATE TABLE IF NOT EXISTS `tbliteminstanceenchant` (
  `intItemInstanceEnchantID` int(11) NOT NULL AUTO_INCREMENT,
  `intItemInstanceID` int(11) NOT NULL,
  `intSuffixEnchantID` int(11) DEFAULT NULL,
  `intPrefixEnchantID` int(11) DEFAULT NULL,
  PRIMARY KEY (`intItemInstanceEnchantID`),
  KEY `intItemInstanceID` (`intItemInstanceID`),
  KEY `intSuffixEnchantID` (`intSuffixEnchantID`),
  KEY `intPrefixEnchantID` (`intPrefixEnchantID`)
) ENGINE=InnoDB  DEFAULT CHARSET=latin1 AUTO_INCREMENT=55 ;

--
-- Dumping data for table `tbliteminstanceenchant`
--

INSERT INTO `tbliteminstanceenchant` (`intItemInstanceEnchantID`, `intItemInstanceID`, `intSuffixEnchantID`, `intPrefixEnchantID`) VALUES
(11, 628, 2, 1),
(12, 630, 2, 1),
(13, 633, 2, 1),
(14, 635, 2, 1),
(16, 639, 2, 1),
(17, 642, 2, 1),
(18, 644, 2, 1),
(19, 646, 2, 1),
(20, 657, 2, 1),
(21, 659, NULL, 1),
(23, 672, 2, 1),
(24, 675, 2, 1),
(25, 677, 2, 1),
(26, 709, NULL, 1),
(27, 713, 2, 1),
(28, 714, 2, 1),
(29, 716, NULL, 1),
(30, 723, 2, 1),
(31, 726, 2, 1),
(32, 728, 2, 1),
(33, 730, 2, 1),
(34, 732, 2, 1),
(35, 734, 2, 1),
(36, 736, 2, 1),
(37, 738, 2, 1),
(38, 740, 2, 1),
(39, 742, 2, 1),
(40, 744, 2, 1),
(41, 746, 2, 1),
(42, 748, 2, 1),
(43, 751, 2, 1),
(44, 755, 2, 1),
(45, 759, 2, 1),
(47, 771, 2, 1),
(48, 783, 2, 1),
(49, 815, 2, 1),
(51, 854, 2, 1),
(52, 882, 2, NULL),
(53, 897, 2, 1),
(54, 917, NULL, NULL);

-- --------------------------------------------------------

--
-- Table structure for table `tbllocation`
--

CREATE TABLE IF NOT EXISTS `tbllocation` (
  `intLocationID` int(11) NOT NULL AUTO_INCREMENT,
  `strLocationName` varchar(45) NOT NULL,
  `strLocationType` varchar(45) NOT NULL DEFAULT 'Building',
  `intTownID` int(11) NOT NULL DEFAULT '1',
  `txtDescription` text,
  PRIMARY KEY (`intLocationID`),
  KEY `fk_intTownID` (`intTownID`)
) ENGINE=InnoDB  DEFAULT CHARSET=latin1 AUTO_INCREMENT=12 ;

--
-- Dumping data for table `tbllocation`
--

INSERT INTO `tbllocation` (`intLocationID`, `strLocationName`, `strLocationType`, `intTownID`, `txtDescription`) VALUES
(1, 'Tower Entrance', 'Hub', 1, NULL),
(2, 'Residential District', 'Hub', 1, 'The residential district is where you and most other citizens live. The most obvious exception are the merchants, guildsmen, and freemen, who live in the Commercial, Development, and Red Light districts respectively. The buildings here are the most numerous in the entire city, and range from the most decrepit shacks to the opulent mansions of the elder families. The streets are made of a flat, grey cobblestone that runs beside and behind every home, creating a great lattice of streets and alleyways for the populace to traverse. '),
(3, 'Commercial District', 'Hub', 1, 'The commercial district is one of the most diverse districts in the city. A myriad of scents and sounds assail your senses as you enter the main throughway containing the district. Merchants hawk their wares at you as you pass, and children scamper between the legs of the larger adults in laughter and play. Even so, youve been around the block more than once, and keep an eye on your money and yourself - the commercial district has more than its own fair share of thieves and muggers.\r\n<br/><br/>\r\nThough the children play and the streets are filled, you cant shake the feeling that the district is empty. Every other shop seems to be boarded up, and even those that are open for business dont seem to be supplied very well. It makes sense, Turici was founded during the first wave of adventuring into the Tower. With it just being reopened, the citys still recovering. Maybe with the towers reopening, the prospects will improve?'),
(4, 'Development District', 'Hub', 1, NULL),
(5, 'Red Light District', 'Hub', 1, NULL),
(6, 'Home', 'Building', 1, 'This is your home.'),
(7, 'Tailor', 'Building', 1, 'The store you stand in is finely organized and smells faintly of pine. Around you stand dozens of different pieces of clothing, ranging from simple blouses to gilded nobles outfits, fit only for dances and dinner, not for the rigors of combat. Still, they look good. Other than the clothing you can see a rather elaborate seamstresss station behind the counter. Seems that you can buy clothes here and have them tailored to fit you too!'),
(8, 'Blacksmith', 'Building', 1, 'The smithy is a claustrophobic space, filled with multitudes of weapons, shields, armour, tools, and other metallic objects. A thin veil of smoke seems to hang in the air, obscuring your sight and discoloring everything you see. Despite this, however, your untrained eye can easily see the masterful craftsmanship in many of the items for sale.\r\n\r\nThe forge is the most obvious centerpiece to all of this, as its set in the back wall of the structure and surrounded by plethora of smithing tools. A huge clay lined stone box with a large chimney like structure leading up through the roof, it is the heart of the smithy.'),
(9, 'Apothecary', 'Building', 1, NULL),
(10, 'Grocer', 'Building', 1, NULL),
(11, 'University of the Arcane', 'Building', 1, NULL);

-- --------------------------------------------------------

--
-- Table structure for table `tbllocationeventlink`
--

CREATE TABLE IF NOT EXISTS `tbllocationeventlink` (
  `intLocationEventLinkID` int(11) NOT NULL AUTO_INCREMENT,
  `intLocationID` int(11) NOT NULL,
  `intEventID` int(11) NOT NULL,
  `strLinkName` varchar(45) NOT NULL,
  PRIMARY KEY (`intLocationEventLinkID`),
  KEY `fk_intLocationID` (`intLocationID`),
  KEY `fk_intEventID` (`intEventID`)
) ENGINE=InnoDB  DEFAULT CHARSET=latin1 AUTO_INCREMENT=4 ;

--
-- Dumping data for table `tbllocationeventlink`
--

INSERT INTO `tbllocationeventlink` (`intLocationEventLinkID`, `intLocationID`, `intEventID`, `strLinkName`) VALUES
(1, 6, 13, 'Sleep'),
(2, 6, 14, 'View Mirror'),
(3, 11, 15, 'Reset Stats');

-- --------------------------------------------------------

--
-- Table structure for table `tbllocationshoplink`
--

CREATE TABLE IF NOT EXISTS `tbllocationshoplink` (
  `intLocationShopLinkID` int(11) NOT NULL AUTO_INCREMENT,
  `intLocationID` int(11) NOT NULL,
  `intShopID` int(11) NOT NULL,
  `strLinkName` varchar(45) NOT NULL,
  PRIMARY KEY (`intLocationShopLinkID`),
  KEY `fk_intLocationID2` (`intLocationID`),
  KEY `fk_intShopID2` (`intShopID`)
) ENGINE=InnoDB  DEFAULT CHARSET=latin1 AUTO_INCREMENT=6 ;

--
-- Dumping data for table `tbllocationshoplink`
--

INSERT INTO `tbllocationshoplink` (`intLocationShopLinkID`, `intLocationID`, `intShopID`, `strLinkName`) VALUES
(1, 7, 1, 'Shop'),
(2, 8, 2, 'Shop'),
(3, 9, 3, 'Shop'),
(4, 10, 4, 'Shop'),
(5, 11, 5, 'Visit Enchanter');

-- --------------------------------------------------------

--
-- Table structure for table `tbllocationxrlink`
--

CREATE TABLE IF NOT EXISTS `tbllocationxrlink` (
  `intLocationXRLinkID` int(11) NOT NULL AUTO_INCREMENT,
  `intFromLocationID` int(11) NOT NULL,
  `intToLocationID` int(11) NOT NULL,
  `strLinkName` varchar(45) NOT NULL,
  PRIMARY KEY (`intLocationXRLinkID`),
  KEY `fk_intFromLocationID` (`intFromLocationID`),
  KEY `fk_intToLocationID` (`intToLocationID`)
) ENGINE=InnoDB  DEFAULT CHARSET=latin1 AUTO_INCREMENT=15 ;

--
-- Dumping data for table `tbllocationxrlink`
--

INSERT INTO `tbllocationxrlink` (`intLocationXRLinkID`, `intFromLocationID`, `intToLocationID`, `strLinkName`) VALUES
(2, 2, 6, 'Home'),
(9, 3, 7, 'Tailor'),
(10, 3, 8, 'Blacksmith'),
(11, 3, 9, 'Apothecary'),
(12, 3, 10, 'Grocer'),
(14, 4, 11, 'University of the Arcane');

-- --------------------------------------------------------

--
-- Table structure for table `tblmodifier`
--

CREATE TABLE IF NOT EXISTS `tblmodifier` (
  `intModifierID` int(11) NOT NULL AUTO_INCREMENT,
  `strModifierName` varchar(45) NOT NULL,
  `strModifierType` enum('Prefix','Suffix') NOT NULL,
  `strModifierXML` varchar(45) NOT NULL,
  `strCreatedBy` varchar(45) NOT NULL,
  `dtmCreatedOn` datetime NOT NULL,
  `strModifiedBy` varchar(45) DEFAULT NULL,
  `dtmModifiedOn` datetime DEFAULT NULL,
  PRIMARY KEY (`intModifierID`)
) ENGINE=InnoDB DEFAULT CHARSET=latin1 AUTO_INCREMENT=1 ;

-- --------------------------------------------------------

--
-- Table structure for table `tblmodifierstatchanges`
--

CREATE TABLE IF NOT EXISTS `tblmodifierstatchanges` (
  `intModifierStatChangeID` int(11) NOT NULL AUTO_INCREMENT,
  `intModifierID` int(11) NOT NULL,
  `strStatName` varchar(45) NOT NULL,
  `intStatChangeMin` int(11) NOT NULL,
  `intStatChangeMax` int(11) NOT NULL,
  `intStatusEffectID` int(11) NOT NULL,
  PRIMARY KEY (`intModifierStatChangeID`),
  KEY `intModifierID` (`intModifierID`)
) ENGINE=InnoDB DEFAULT CHARSET=latin1 AUTO_INCREMENT=1 ;

-- --------------------------------------------------------

--
-- Table structure for table `tblnpc`
--

CREATE TABLE IF NOT EXISTS `tblnpc` (
  `intNPCID` int(11) NOT NULL AUTO_INCREMENT,
  `strNPCName` varchar(45) NOT NULL,
  `intWeight` int(11) NOT NULL,
  `intHeight` int(11) NOT NULL,
  `intExperienceGiven` int(11) NOT NULL,
  `intGoldDropMin` int(11) NOT NULL,
  `intGoldDropMax` int(11) NOT NULL,
  `blnHasStartEvent` tinyint(1) NOT NULL DEFAULT '0',
  `blnHasEndEvent` tinyint(1) NOT NULL DEFAULT '0',
  `strAIName` varchar(45) NOT NULL DEFAULT 'AlwaysAttack',
  `dtmCreatedOn` datetime NOT NULL,
  `strCreatedBy` varchar(45) NOT NULL,
  `dtmModifiedOn` datetime DEFAULT NULL,
  `strModifiedBy` varchar(45) DEFAULT NULL,
  PRIMARY KEY (`intNPCID`)
) ENGINE=InnoDB  DEFAULT CHARSET=latin1 AUTO_INCREMENT=9 ;

--
-- Dumping data for table `tblnpc`
--

INSERT INTO `tblnpc` (`intNPCID`, `strNPCName`, `intWeight`, `intHeight`, `intExperienceGiven`, `intGoldDropMin`, `intGoldDropMax`, `blnHasStartEvent`, `blnHasEndEvent`, `strAIName`, `dtmCreatedOn`, `strCreatedBy`, `dtmModifiedOn`, `strModifiedBy`) VALUES
(1, 'Goblin', 120, 150, 800, 0, 5, 0, 0, 'AlwaysAttack', '2014-10-25 14:22:34', 'akereliuk', NULL, NULL),
(2, 'Seraphine the Tutorial Fairy', 50, 100, 1600, 0, 0, 1, 1, 'AlwaysFeed', '2014-11-15 16:38:52', 'akereliuk', NULL, NULL),
(3, 'Rat', 2, 30, 400, 0, 3, 0, 0, 'AlwaysAttack', '2016-07-14 00:00:00', 'admin', NULL, NULL),
(4, 'Skeleton', 80, 130, 3200, 3, 10, 0, 0, 'AlwaysAttack', '2016-07-14 00:00:00', 'admin', NULL, NULL),
(5, 'Goblin Chief', 250, 130, 4000, 10, 30, 1, 1, 'AlwaysAttack', '2016-07-14 00:00:00', 'admin', NULL, NULL),
(6, 'Armoured Skeleton', 120, 130, 4500, 5, 15, 0, 0, 'DPS', '2016-07-19 00:00:00', 'admin', NULL, NULL),
(7, 'Skeleton Mage', 130, 120, 4500, 5, 15, 0, 0, 'DPS', '2016-07-21 00:00:00', 'admin', NULL, NULL),
(8, 'Black Succubus', 120, 158, 9600, 20, 50, 1, 1, 'Succubus', '2016-07-21 00:00:00', 'admin', NULL, NULL);

-- --------------------------------------------------------

--
-- Table structure for table `tblnpcbattletext`
--

CREATE TABLE IF NOT EXISTS `tblnpcbattletext` (
  `intNPCBattleTextID` int(11) NOT NULL AUTO_INCREMENT,
  `intNPCID` int(11) NOT NULL,
  `strStartText` text NOT NULL,
  `strForceStartText` text NOT NULL,
  `strEndText` text NOT NULL,
  `strDefeatText` text NOT NULL,
  `strFleeText` text NOT NULL,
  `strFailFleeText` text NOT NULL,
  PRIMARY KEY (`intNPCBattleTextID`),
  KEY `fk_tblnpcbattletext` (`intNPCID`)
) ENGINE=InnoDB  DEFAULT CHARSET=latin1 AUTO_INCREMENT=7 ;

--
-- Dumping data for table `tblnpcbattletext`
--

INSERT INTO `tblnpcbattletext` (`intNPCBattleTextID`, `intNPCID`, `strStartText`, `strForceStartText`, `strEndText`, `strDefeatText`, `strFleeText`, `strFailFleeText`) VALUES
(1, 1, 'As you come closer, you can hear the clinking of metal. This figure is armed. It rears its head and snarls at you, aware of your presence.', 'You hear the clinking of metal. A silhouette appears in the distance. As you come closer, you can tell this figure is armed. It rears its head and snarls at you, aware of your presence.', '', '', '', ''),
(2, 3, '', 'You hear a faint scurrying ahead of you. Looking down at the ground before you, you can see what appears to be an oversized rat bearing its teeth at you. You should eliminate this rodent before it attacks, so as not to take any chances!', 'The rat turns over on its back, defeated.', '', '', ''),
(4, 4, 'A crackling and a rattling can be heard ahead of you. Animated bones move towards you; a bare skeleton. In its bony grip is a wooden axe. It takes a battle pose, ready to fight. Should you pursue?', 'A crackling and a rattling can be heard ahead of you. Animated bones move towards you; a bare skeleton. In its bony grip is a wooden axe. It takes a battle pose, ready to fight.', 'Defeated, the skeleton collapses into a pile of bones.', '', '', ''),
(5, 6, 'The clinking of armour can be heard ahead of you. Animated bones protected by a metallic chestpiece move towards you; an armoured skeleton. In one bony hand it holds a sword, the other a shield. It takes a battle pose, ready to fight. Should you pursue?', 'The clinking of armour can be heard ahead of you. Animated bones protected by a metallic chestpiece move towards you; an armoured skeleton. In one bony hand it holds a sword, the other a shield. It takes a battle pose, ready to fight.', 'The skeleton collapses to the floor in a pile of bones, defeated.', '', '', ''),
(6, 7, 'A skeleton wearing a cape and holding a staff can be seen in the distance. Should you pursue?', 'A long oval of radiant light flashes before you, and a figure emerges from within. It is a skeleton wearing a cape and holding a staff. It takes a battle pose; it teleported here to fight you!', 'The skeleton collapses to the floor in a pile of bones, defeated.', '', '', '');

-- --------------------------------------------------------

--
-- Table structure for table `tblnpcitemxr`
--

CREATE TABLE IF NOT EXISTS `tblnpcitemxr` (
  `intNPCItemXRID` int(11) NOT NULL AUTO_INCREMENT,
  `intNPCID` int(11) NOT NULL,
  `intItemID` int(11) NOT NULL,
  `blnEquipped` tinyint(1) NOT NULL DEFAULT '0',
  `blnDropped` tinyint(1) NOT NULL DEFAULT '0',
  `intDropRating` int(11) NOT NULL,
  `dtmDateAdded` datetime NOT NULL,
  PRIMARY KEY (`intNPCItemXRID`),
  KEY `intNPCID` (`intNPCID`,`intItemID`),
  KEY `intItemID` (`intItemID`)
) ENGINE=InnoDB  DEFAULT CHARSET=latin1 AUTO_INCREMENT=10 ;

--
-- Dumping data for table `tblnpcitemxr`
--

INSERT INTO `tblnpcitemxr` (`intNPCItemXRID`, `intNPCID`, `intItemID`, `blnEquipped`, `blnDropped`, `intDropRating`, `dtmDateAdded`) VALUES
(1, 1, 3, 1, 1, 2000, '2014-10-25 19:57:05'),
(2, 2, 9, 0, 1, 10000, '2016-07-05 00:00:00'),
(3, 4, 12, 1, 1, 1500, '2016-07-14 00:00:00'),
(4, 5, 13, 1, 1, 2000, '2016-07-14 00:00:00'),
(5, 6, 14, 1, 1, 1500, '2016-07-19 00:00:00'),
(6, 6, 15, 1, 1, 1500, '2016-07-19 00:00:00'),
(7, 7, 18, 1, 1, 1500, '2016-07-21 00:00:00'),
(8, 7, 15, 1, 1, 1500, '2016-07-21 00:00:00'),
(9, 8, 23, 1, 1, 2000, '2016-07-30 00:00:00');

-- --------------------------------------------------------

--
-- Table structure for table `tblnpcmodifierxr`
--

CREATE TABLE IF NOT EXISTS `tblnpcmodifierxr` (
  `intNPCModifierXRID` int(11) NOT NULL AUTO_INCREMENT,
  `intNPCID` int(11) NOT NULL,
  `intModifierID` int(11) NOT NULL,
  `intOccurrence` int(11) NOT NULL DEFAULT '0',
  PRIMARY KEY (`intNPCModifierXRID`),
  KEY `intNPCID` (`intNPCID`),
  KEY `intModifierID` (`intModifierID`)
) ENGINE=InnoDB DEFAULT CHARSET=latin1 AUTO_INCREMENT=1 ;

-- --------------------------------------------------------

--
-- Table structure for table `tblnpcskillxr`
--

CREATE TABLE IF NOT EXISTS `tblnpcskillxr` (
  `intNPCSkillXRID` int(11) NOT NULL AUTO_INCREMENT,
  `intNPCID` int(11) NOT NULL,
  `intSkillID` int(11) NOT NULL,
  PRIMARY KEY (`intNPCSkillXRID`),
  KEY `intNPCID` (`intNPCID`),
  KEY `intSkillID` (`intSkillID`)
) ENGINE=InnoDB  DEFAULT CHARSET=latin1 AUTO_INCREMENT=7 ;

--
-- Dumping data for table `tblnpcskillxr`
--

INSERT INTO `tblnpcskillxr` (`intNPCSkillXRID`, `intNPCID`, `intSkillID`) VALUES
(1, 2, 1),
(2, 6, 3),
(3, 7, 4),
(4, 8, 2),
(5, 8, 5),
(6, 8, 6);

-- --------------------------------------------------------

--
-- Table structure for table `tblnpcstats`
--

CREATE TABLE IF NOT EXISTS `tblnpcstats` (
  `intNPCStatsID` int(11) NOT NULL AUTO_INCREMENT,
  `intNPCID` int(11) NOT NULL,
  `intMaxHP` int(11) NOT NULL,
  `intStrength` int(11) NOT NULL,
  `intIntelligence` int(11) NOT NULL,
  `intAgility` int(11) NOT NULL,
  `intVitality` int(11) NOT NULL,
  `intWillpower` int(11) NOT NULL,
  `intDexterity` int(11) NOT NULL,
  `intEvasion` int(11) NOT NULL,
  `intCritDamage` int(11) NOT NULL,
  `intPierce` int(11) NOT NULL,
  `intBlockRate` int(11) NOT NULL,
  `intBlockReduction` int(11) NOT NULL,
  PRIMARY KEY (`intNPCStatsID`),
  KEY `intNPCID` (`intNPCID`)
) ENGINE=InnoDB  DEFAULT CHARSET=latin1 AUTO_INCREMENT=9 ;

--
-- Dumping data for table `tblnpcstats`
--

INSERT INTO `tblnpcstats` (`intNPCStatsID`, `intNPCID`, `intMaxHP`, `intStrength`, `intIntelligence`, `intAgility`, `intVitality`, `intWillpower`, `intDexterity`, `intEvasion`, `intCritDamage`, `intPierce`, `intBlockRate`, `intBlockReduction`) VALUES
(1, 1, 14, 5, 5, 5, 5, 5, 5, 0, 150, 0, 0, 10),
(2, 2, 20, 2, 2, 2, 2, 2, 2, 0, 150, 0, 0, 10),
(3, 3, 8, 1, 1, 20, 1, 1, 1, 0, 150, 0, 0, 10),
(4, 4, 22, 10, 1, 3, 15, 1, 5, 1, 150, 0, 0, 10),
(5, 5, 16, 10, 5, 5, 5, 5, 30, 10, 150, 10, 30, 50),
(6, 6, 22, 10, 1, 3, 15, 1, 5, 1, 150, 0, 10, 20),
(7, 7, 18, 9, 2, 2, 1, 2, 2, 1, 150, 0, 10, 20),
(8, 8, 25, 5, 100, 20, 5, 20, 20, 60, 150, 0, 10, 20);

-- --------------------------------------------------------

--
-- Table structure for table `tbloverride`
--

CREATE TABLE IF NOT EXISTS `tbloverride` (
  `intOverrideID` int(11) NOT NULL AUTO_INCREMENT,
  `strOverrideName` varchar(45) NOT NULL,
  `strOverrideDesc` text NOT NULL,
  `dtmCreatedOn` datetime NOT NULL,
  `strCreatedBy` varchar(45) NOT NULL,
  `dtmModifiedOn` datetime DEFAULT NULL,
  `strModifiedBy` varchar(45) DEFAULT NULL,
  PRIMARY KEY (`intOverrideID`)
) ENGINE=InnoDB  DEFAULT CHARSET=latin1 AUTO_INCREMENT=6 ;

--
-- Dumping data for table `tbloverride`
--

INSERT INTO `tbloverride` (`intOverrideID`, `strOverrideName`, `strOverrideDesc`, `dtmCreatedOn`, `strCreatedBy`, `dtmModifiedOn`, `strModifiedBy`) VALUES
(1, 'Armour Binding', 'Player cannot unequip their armour; must wait until it tears or falls off. Additionally, armour is always tight.', '2014-11-04 21:27:39', 'akereliuk', NULL, NULL),
(2, 'Stretchy Armour', 'Armour adjusts to player weight; always skintight.', '2014-11-04 21:27:39', 'akereliuk', NULL, NULL),
(3, 'Allow Equip Tab', 'Allows \r\n\r\nuser to access equip tab during events, but equipping anything will not cause a new event to occur with this override \r\n\r\nset.', '2014-11-13 21:08:16', 'akereliuk', NULL, NULL),
(4, 'Burdened by Weight', 'Lowers Agility stat based on the user''s BMI.', '2014-12-08 15:59:48', 'akereliuk', NULL, NULL),
(5, 'Hypnotized', 'Cannot attack or use skills and can be controlled by enemy while this override is in effect.', '2016-07-21 00:00:00', 'admin', NULL, NULL);

-- --------------------------------------------------------

--
-- Table structure for table `tblpost`
--

CREATE TABLE IF NOT EXISTS `tblpost` (
  `intPostID` int(11) NOT NULL AUTO_INCREMENT,
  `strUserID` varchar(45) NOT NULL,
  `strSubject` varchar(45) NOT NULL,
  `txtContents` text NOT NULL,
  `intParentID` int(11) DEFAULT NULL,
  `dtmCreatedOn` datetime NOT NULL,
  `strCreatedBy` varchar(45) NOT NULL,
  `dtmModifiedOn` datetime DEFAULT NULL,
  `strModifiedBy` varchar(45) DEFAULT NULL,
  PRIMARY KEY (`intPostID`)
) ENGINE=InnoDB DEFAULT CHARSET=latin1 AUTO_INCREMENT=1 ;

-- --------------------------------------------------------

--
-- Table structure for table `tblrpgcharacter`
--

CREATE TABLE IF NOT EXISTS `tblrpgcharacter` (
  `intRPGCharacterID` int(12) NOT NULL AUTO_INCREMENT,
  `strUserID` varchar(45) NOT NULL,
  `strRPGCharacterName` varchar(45) NOT NULL,
  `intHeight` int(11) NOT NULL DEFAULT '165',
  `dblWeight` double NOT NULL,
  `intDigestionRate` int(11) NOT NULL DEFAULT '250',
  `intFloorID` int(11) NOT NULL DEFAULT '1',
  `intCurrentFloorID` int(11) NOT NULL,
  `intStateID` int(8) NOT NULL DEFAULT '0',
  `intTownID` int(8) DEFAULT NULL,
  `intLocationID` int(11) NOT NULL DEFAULT '6',
  `intDay` int(11) NOT NULL DEFAULT '1',
  `strTime` varchar(5) NOT NULL DEFAULT '00:00',
  `strGender` enum('Female','Male') NOT NULL DEFAULT 'Female',
  `strOrientation` enum('Heterosexual','Homosexual','Bisexual') NOT NULL DEFAULT 'Heterosexual',
  `strPersonality` enum('Shy','Outgoing','Stoic') NOT NULL DEFAULT 'Shy',
  `strFatStance` enum('Negative','Positive','Neutral') NOT NULL DEFAULT 'Negative',
  `strEyeColour` enum('Brown','Blue','Green','Black','Red','White') NOT NULL DEFAULT 'Brown',
  `strHairColour` enum('Brown','Blonde','Black','Red','Brunette','White','Orange','Green','Blue','Pink','Yellow','Purple') NOT NULL DEFAULT 'Brown',
  `strHairLength` enum('Short','Medium','Shoulder Length','Long') NOT NULL DEFAULT 'Short',
  `strEthnicity` enum('White','Peach','Tan','Brown','Black','Olive') NOT NULL DEFAULT 'White',
  `intLevel` int(11) NOT NULL DEFAULT '1',
  `intExperience` int(11) NOT NULL DEFAULT '0',
  `intCurrentHP` int(11) NOT NULL DEFAULT '10',
  `intStatPoints` int(11) NOT NULL DEFAULT '0',
  `intGold` int(11) NOT NULL,
  `blnActivated` tinyint(1) NOT NULL DEFAULT '1',
  `dtmCreatedOn` datetime NOT NULL,
  `strCreatedBy` varchar(45) NOT NULL,
  `dtmModifiedOn` datetime DEFAULT NULL,
  `strModifiedBy` varchar(45) DEFAULT NULL,
  PRIMARY KEY (`intRPGCharacterID`),
  KEY `intUserID` (`strUserID`),
  KEY `intFloorID` (`intFloorID`)
) ENGINE=InnoDB  DEFAULT CHARSET=latin1 AUTO_INCREMENT=146 ;

--
-- Dumping data for table `tblrpgcharacter`
--

INSERT INTO `tblrpgcharacter` (`intRPGCharacterID`, `strUserID`, `strRPGCharacterName`, `intHeight`, `dblWeight`, `intDigestionRate`, `intFloorID`, `intCurrentFloorID`, `intStateID`, `intTownID`, `intLocationID`, `intDay`, `strTime`, `strGender`, `strOrientation`, `strPersonality`, `strFatStance`, `strEyeColour`, `strHairColour`, `strHairLength`, `strEthnicity`, `intLevel`, `intExperience`, `intCurrentHP`, `intStatPoints`, `intGold`, `blnActivated`, `dtmCreatedOn`, `strCreatedBy`, `dtmModifiedOn`, `strModifiedBy`) VALUES
(94, 'test', 'Test', 152, 108, 250, 1, 1, 8, 0, 0, 1, '00:30', 'Female', 'Heterosexual', 'Shy', 'Negative', 'Brown', 'Brown', 'Short', 'White', 1, 0, 10, 0, 0, 0, '2016-06-11 19:50:04', 'system', NULL, NULL),
(95, 'test', 'Test', 152, 183, 250, 1, 1, 1, 0, 0, 1, '13:00', 'Female', 'Heterosexual', 'Shy', 'Negative', 'Brown', 'Brown', 'Short', 'White', 2, 0, 13, 5, 0, 0, '2016-06-11 19:50:34', 'system', NULL, NULL),
(96, 'test', 'New', 152, 288.5, 250, 1, 1, 1, 0, 0, 2, '1:00', 'Female', 'Heterosexual', 'Shy', 'Negative', 'Brown', 'Brown', 'Short', 'White', 2, 0, 13, 5, 0, 0, '2016-06-14 22:28:53', 'system', NULL, NULL),
(97, 'test', 'New2', 152, 1609.5, 250, 1, 1, 4, 1, 6, 10, '11:15', 'Female', 'Heterosexual', 'Shy', 'Negative', 'Brown', 'Brown', 'Short', 'White', 2, 1600, 13, 0, 0, 0, '2016-06-14 22:47:01', 'system', NULL, NULL),
(98, 'test', 'New3', 152, 127, 250, 1, 1, 1, 0, 0, 1, '5:45', 'Female', 'Heterosexual', 'Shy', 'Negative', 'Brown', 'Brown', 'Short', 'White', 2, 0, 13, 5, 0, 0, '2016-06-15 20:23:44', 'system', NULL, NULL),
(99, 'test', 'Test5', 152, 147, 250, 1, 1, 1, 0, 0, 1, '6:45', 'Female', 'Heterosexual', 'Shy', 'Negative', 'Brown', 'Brown', 'Short', 'White', 2, 0, 13, 5, 0, 0, '2016-06-15 20:41:52', 'system', NULL, NULL),
(100, 'test', 'Test', 152, 108, 250, 1, 1, 1, 0, 0, 1, '7:45', 'Female', 'Heterosexual', 'Shy', 'Negative', 'Brown', 'Brown', 'Short', 'White', 2, 0, 13, 5, 0, 0, '2016-06-15 20:49:02', 'system', NULL, NULL),
(101, 'test', 'Test', 152, 158, 250, 1, 1, 1, 0, 0, 1, '10:45', 'Female', 'Heterosexual', 'Shy', 'Negative', 'Brown', 'Brown', 'Short', 'White', 2, 0, 13, 5, 0, 0, '2016-06-15 20:54:14', 'system', NULL, NULL),
(102, 'test', 'Test', 152, 108, 250, 1, 1, 1, 0, 0, 1, '21:45', 'Female', 'Heterosexual', 'Shy', 'Negative', 'Brown', 'Brown', 'Short', 'White', 5, 9600, -11, 20, 88, 0, '2016-06-15 21:08:09', 'system', NULL, NULL),
(103, 'test', 'Test', 152, 108, 250, 1, 1, 1, 0, 0, 1, '4:30', 'Female', 'Heterosexual', 'Shy', 'Negative', 'Brown', 'Brown', 'Short', 'White', 2, 0, 13, 5, 0, 0, '2016-06-15 21:33:13', 'system', NULL, NULL),
(104, 'test', 'Test', 152, 564, 250, 1, 1, 1, 0, 0, 4, '13:00', 'Female', 'Heterosexual', 'Shy', 'Negative', 'Brown', 'Brown', 'Short', 'White', 3, 3200, 7, 0, 10, 0, '2016-06-15 21:34:59', 'system', NULL, NULL),
(105, 'test', 'Fatty', 157, 131, 250, 1, 1, 4, 0, 6, 1, '4:45', 'Female', 'Heterosexual', 'Shy', 'Negative', 'Brown', 'Brown', 'Short', 'White', 2, 0, 13, 5, 0, 0, '2016-06-18 22:37:04', 'system', NULL, NULL),
(106, 'test', 'Fatty', 152, 2853.5, 250, 1, 1, 1, 0, 0, 14, '10:30', 'Female', 'Heterosexual', 'Shy', 'Negative', 'Brown', 'Brown', 'Short', 'White', 6, 12000, 13, 0, 136, 0, '2016-06-18 22:37:26', 'system', NULL, NULL),
(107, 'test', 'TutorialTest', 152, 108, 250, 1, 1, 4, 1, 6, 1, '3:00', 'Female', 'Heterosexual', 'Shy', 'Negative', 'Brown', 'Brown', 'Short', 'White', 1, 0, 10, 0, 0, 0, '2016-06-25 17:40:16', 'system', NULL, NULL),
(108, 'test', 'Test3', 152, 108, 250, 1, 1, 2, 0, 0, 1, '3:00', 'Female', 'Heterosexual', 'Shy', 'Negative', 'Brown', 'Brown', 'Short', 'White', 1, 0, 10, 0, 0, 0, '2016-06-25 17:41:11', 'system', NULL, NULL),
(109, 'test', 'Big Softie', 152, 311, 250, 1, 1, 1, 0, 0, 2, '15:45', 'Female', 'Heterosexual', 'Shy', 'Negative', 'Brown', 'Brown', 'Short', 'White', 3, 2400, 3, 5, 15, 0, '2016-07-01 10:57:52', 'system', NULL, NULL),
(110, 'test', 'EventTest', 152, 151, 250, 1, 1, 2, 0, 0, 1, '8:15', 'Female', 'Heterosexual', 'Shy', 'Negative', 'Brown', 'Brown', 'Short', 'White', 2, 1600, 13, 5, 0, 0, '2016-07-03 11:29:40', 'system', NULL, NULL),
(111, 'test', 'TestEvent', 152, 235, 250, 1, 1, 1, 0, 0, 2, '9:30', 'Female', 'Heterosexual', 'Shy', 'Negative', 'Brown', 'Brown', 'Short', 'White', 2, 2400, 13, 5, 6, 0, '2016-07-03 11:34:27', 'system', NULL, NULL),
(112, 'test', 'Test', 152, 108, 250, 1, 1, 8, 0, 0, 1, '3:15', 'Female', 'Heterosexual', 'Shy', 'Negative', 'Brown', 'Brown', 'Short', 'White', 1, 0, 10, 0, 0, 0, '2016-07-03 12:35:09', 'system', NULL, NULL),
(113, 'test', 'Test', 152, 108, 250, 1, 1, 8, 0, 0, 1, '2:45', 'Female', 'Heterosexual', 'Shy', 'Negative', 'Brown', 'Brown', 'Short', 'White', 1, 0, 10, 0, 0, 0, '2016-07-03 12:37:58', 'system', NULL, NULL),
(114, 'test', 'j', 152, 108, 250, 1, 1, 8, 0, 0, 1, '2:30', 'Female', 'Heterosexual', 'Shy', 'Negative', 'Brown', 'Brown', 'Short', 'White', 1, 0, 10, 0, 0, 0, '2016-07-03 13:08:07', 'system', NULL, NULL),
(115, 'test', 'i', 152, 108, 250, 1, 1, 8, 0, 0, 1, '2:30', 'Female', 'Heterosexual', 'Shy', 'Negative', 'Brown', 'Brown', 'Short', 'White', 1, 0, 10, 0, 0, 0, '2016-07-03 13:10:27', 'system', NULL, NULL),
(116, 'test', 'y', 152, 108, 250, 1, 1, 8, 0, 0, 1, '2:00', 'Female', 'Heterosexual', 'Shy', 'Negative', 'Brown', 'Brown', 'Short', 'White', 1, 0, 10, 0, 0, 0, '2016-07-03 13:14:47', 'system', NULL, NULL),
(117, 'test', 'y', 152, 108, 250, 1, 1, 8, 0, 0, 1, '00:30', 'Female', 'Heterosexual', 'Shy', 'Negative', 'Brown', 'Brown', 'Short', 'White', 1, 0, 10, 0, 0, 0, '2016-07-03 13:17:21', 'system', NULL, NULL),
(118, 'test', 'y', 152, 122, 250, 1, 1, 1, 0, 0, 1, '14:00', 'Female', 'Heterosexual', 'Shy', 'Negative', 'Brown', 'Brown', 'Short', 'White', 2, 2400, 7, 5, 4, 0, '2016-07-03 13:20:20', 'system', NULL, NULL),
(119, 'test', 'Fatty', 152, 108, 250, 1, 1, 2, 0, 0, 1, '7:00', 'Female', 'Heterosexual', 'Shy', 'Negative', 'Brown', 'Brown', 'Short', 'White', 2, 0, 13, 5, 0, 0, '2016-07-04 19:45:57', 'system', NULL, NULL),
(120, 'test', 'Fatty', 152, 115, 250, 1, 1, 4, 1, 6, 1, '3:15', 'Female', 'Heterosexual', 'Shy', 'Negative', 'Brown', 'Brown', 'Short', 'White', 1, 0, 10, 0, 0, 0, '2016-07-09 23:16:20', 'system', NULL, NULL),
(121, 'test', 'Fatty', 152, 108, 250, 1, 1, 1, 0, 0, 1, '8:15', 'Female', 'Heterosexual', 'Shy', 'Negative', 'Brown', 'Brown', 'Short', 'White', 1, 800, 8, 0, 5, 0, '2016-07-09 23:19:21', 'system', NULL, NULL),
(122, 'test', 'FeedTest', 152, 108, 250, 1, 1, 2, 0, 0, 1, '2:45', 'Female', 'Heterosexual', 'Shy', 'Negative', 'Brown', 'Brown', 'Short', 'White', 1, 0, 10, 0, 0, 1, '2016-07-09 23:25:35', 'system', NULL, NULL),
(123, 'test', 'FeedTest2', 152, 108, 250, 1, 1, 2, 0, 0, 1, '2:45', 'Female', 'Heterosexual', 'Shy', 'Negative', 'Brown', 'Brown', 'Short', 'White', 1, 0, 10, 0, 0, 1, '2016-07-09 23:27:39', 'system', NULL, NULL),
(124, 'test', 'FeedTest3', 152, 108, 250, 1, 1, 2, 0, 0, 1, '2:45', 'Female', 'Heterosexual', 'Shy', 'Negative', 'Brown', 'Brown', 'Short', 'White', 1, 0, 10, 0, 0, 1, '2016-07-09 23:31:43', 'system', NULL, NULL),
(125, 'test', 'FeedTest4', 152, 108, 250, 1, 1, 2, 0, 0, 1, '2:45', 'Female', 'Heterosexual', 'Shy', 'Negative', 'Brown', 'Brown', 'Short', 'White', 1, 0, 10, 0, 0, 1, '2016-07-09 23:34:33', 'system', NULL, NULL),
(126, 'test', 'FeedTest5', 152, 108, 250, 1, 1, 2, 0, 0, 1, '2:45', 'Female', 'Heterosexual', 'Shy', 'Negative', 'Brown', 'Brown', 'Short', 'White', 1, 0, 10, 0, 0, 1, '2016-07-09 23:35:42', 'system', NULL, NULL),
(127, 'test', 'FeedTest6', 152, 108, 250, 1, 1, 2, 0, 0, 1, '2:45', 'Female', 'Heterosexual', 'Shy', 'Negative', 'Brown', 'Brown', 'Short', 'White', 1, 0, 10, 0, 0, 1, '2016-07-09 23:37:11', 'system', NULL, NULL),
(128, 'test', 't', 152, 108, 250, 1, 1, 2, 0, 0, 1, '2:45', 'Female', 'Heterosexual', 'Shy', 'Negative', 'Brown', 'Brown', 'Short', 'White', 1, 0, 10, 0, 0, 1, '2016-07-09 23:44:34', 'system', NULL, NULL),
(129, 'test', 'i', 152, 108, 250, 1, 1, 2, 0, 0, 1, '2:45', 'Female', 'Heterosexual', 'Shy', 'Negative', 'Brown', 'Brown', 'Short', 'White', 1, 0, 10, 0, 0, 1, '2016-07-09 23:46:11', 'system', NULL, NULL),
(130, 'test', 'e', 152, 108, 250, 1, 1, 2, 0, 0, 1, '2:45', 'Female', 'Heterosexual', 'Shy', 'Negative', 'Brown', 'Brown', 'Short', 'White', 1, 0, 10, 0, 0, 1, '2016-07-09 23:48:55', 'system', NULL, NULL),
(131, 'test', 'e', 152, 108.1, 250, 1, 1, 1, 0, 0, 1, '4:15', 'Female', 'Heterosexual', 'Shy', 'Negative', 'Brown', 'Brown', 'Short', 'White', 2, 0, 13, 5, 0, 1, '2016-07-09 23:52:41', 'system', NULL, NULL),
(132, 'test', 'ted', 152, 108.1, 250, 1, 1, 2, 0, 0, 1, '3:00', 'Female', 'Heterosexual', 'Shy', 'Negative', 'Brown', 'Brown', 'Short', 'White', 2, 0, 13, 5, 0, 1, '2016-07-09 23:54:06', 'system', NULL, NULL),
(133, 'test', 'Tteeh', 152, 108.1, 250, 1, 1, 1, 0, 0, 1, '3:30', 'Female', 'Heterosexual', 'Shy', 'Negative', 'Brown', 'Brown', 'Short', 'White', 2, 0, 13, 5, 0, 1, '2016-07-09 23:56:19', 'system', NULL, NULL),
(134, 'test', 'fef', 152, 108.2, 250, 1, 1, 1, 0, 0, 1, '4:15', 'Female', 'Heterosexual', 'Shy', 'Negative', 'Brown', 'Brown', 'Short', 'White', 2, 0, 13, 5, 0, 1, '2016-07-09 23:57:07', 'system', NULL, NULL),
(135, 'test', 'Teaaww', 152, 124.4, 250, 1, 1, 1, 0, 0, 1, '6:45', 'Female', 'Heterosexual', 'Shy', 'Negative', 'Brown', 'Brown', 'Short', 'White', 2, 800, 10, 5, 5, 1, '2016-07-09 23:58:23', 'system', NULL, NULL),
(136, 'test', 'wewe', 152, 108.5, 250, 1, 1, 1, 0, 0, 1, '4:15', 'Female', 'Heterosexual', 'Shy', 'Negative', 'Brown', 'Brown', 'Short', 'White', 2, 0, 13, 5, 0, 1, '2016-07-10 00:00:12', 'system', NULL, NULL),
(137, 'test', 'wewe', 152, 180, 250, 1, 1, 1, 0, 0, 3, '2:00', 'Female', 'Heterosexual', 'Shy', 'Negative', 'Brown', 'Brown', 'Short', 'White', 3, 1200, 13, 5, 19, 1, '2016-07-10 00:02:41', 'system', NULL, NULL),
(138, 'test', 'test', 152, 1686.45, 250, 1, 1, 1, 0, 0, 9, '16:00', 'Female', 'Heterosexual', 'Shy', 'Negative', 'Brown', 'Brown', 'Short', 'White', 6, 4800, 11, 0, 102, 1, '2016-07-14 22:30:10', 'system', NULL, NULL),
(139, 'test', 'Test4', 152, 108, 250, 1, 1, 8, 0, 0, 1, '1:00', 'Female', 'Heterosexual', 'Shy', 'Negative', 'Brown', 'Brown', 'Short', 'White', 1, 0, 10, 0, 0, 0, '2016-07-17 23:00:05', 'system', NULL, NULL),
(140, 'test', 'test2', 152, 132.5, 250, 1, 1, 1, 0, 0, 1, '5:30', 'Female', 'Heterosexual', 'Shy', 'Negative', 'Brown', 'Brown', 'Short', 'White', 2, 1600, 13, 5, 0, 1, '2016-07-17 23:02:15', 'system', NULL, NULL),
(141, 'test', 'ydry34', 152, 129.85, 250, 2, 0, 4, 1, 6, 12, '15:00', 'Female', 'Heterosexual', 'Shy', 'Negative', 'Brown', 'Brown', 'Short', 'White', 10, 0, 30, 0, 163, 1, '2016-07-17 23:06:25', 'system', NULL, NULL),
(142, 'test', 'Ales', 157, 19559.663502469, 250, 2, 0, 4, 1, 6, 14, '18:00', 'Female', 'Heterosexual', 'Shy', 'Negative', 'Brown', 'Brown', 'Short', 'White', 8, 30900, 13, 0, 161, 1, '2016-07-23 19:47:51', 'system', NULL, NULL),
(143, 'test', 'Vienna Rose', 157, 14126.309073616, 250, 2, 0, 4, 1, 6, 13, '4:15', 'Female', 'Heterosexual', 'Shy', 'Negative', 'Brown', 'Brown', 'Short', 'White', 7, 21200, 28, 0, 185, 1, '2016-07-24 14:26:01', 'system', NULL, NULL),
(144, 'test', 'ayylmao', 152, 724.15, 250, 2, 0, 4, 1, 6, 4, '8:15', 'Female', 'Heterosexual', 'Shy', 'Negative', 'Brown', 'Brown', 'Short', 'White', 4, 9200, 20, 0, 61, 1, '2016-07-25 18:24:00', 'system', NULL, NULL),
(145, 'test', 'StrTest', 157, 452.69909657494, 250, 2, 0, 4, 1, 6, 19, '14:45', 'Female', 'Heterosexual', 'Shy', 'Negative', 'Brown', 'Brown', 'Short', 'White', 10, 0, 23, 0, 327, 1, '2016-07-25 18:57:30', 'system', NULL, NULL);

-- --------------------------------------------------------

--
-- Table structure for table `tblshop`
--

CREATE TABLE IF NOT EXISTS `tblshop` (
  `intShopID` int(11) NOT NULL AUTO_INCREMENT,
  `strShopName` varchar(45) NOT NULL,
  `txtShopDesc` text,
  `strShopType` varchar(45) NOT NULL,
  PRIMARY KEY (`intShopID`)
) ENGINE=InnoDB  DEFAULT CHARSET=latin1 AUTO_INCREMENT=6 ;

--
-- Dumping data for table `tblshop`
--

INSERT INTO `tblshop` (`intShopID`, `strShopName`, `txtShopDesc`, `strShopType`) VALUES
(1, 'Turician Tailor', 'Buy clothes.', 'Tailor'),
(2, 'Turician Blacksmith', 'Buy armour and weapons.', 'Blacksmith'),
(3, 'Turician Apothecary', 'Buy potions.', 'Apothecary'),
(4, 'Turician Grocer', 'Buy food.', 'Grocer'),
(5, 'Turician Enchanter', 'Found at the University of the Arcane.', 'Enchanter');

-- --------------------------------------------------------

--
-- Table structure for table `tblshopitemxr`
--

CREATE TABLE IF NOT EXISTS `tblshopitemxr` (
  `intShopItemID` int(11) NOT NULL AUTO_INCREMENT,
  `intShopID` int(11) NOT NULL,
  `intItemID` int(11) NOT NULL,
  `dblPrice` double NOT NULL,
  PRIMARY KEY (`intShopItemID`),
  KEY `fk_intShopID` (`intShopID`),
  KEY `fk_intItemID` (`intItemID`)
) ENGINE=InnoDB  DEFAULT CHARSET=latin1 AUTO_INCREMENT=17 ;

--
-- Dumping data for table `tblshopitemxr`
--

INSERT INTO `tblshopitemxr` (`intShopItemID`, `intShopID`, `intItemID`, `dblPrice`) VALUES
(3, 3, 5, 20),
(4, 4, 1, 5),
(5, 1, 7, 30),
(6, 1, 8, 30),
(7, 2, 10, 10),
(8, 2, 11, 10),
(9, 2, 12, 10),
(10, 2, 16, 10),
(11, 2, 17, 10),
(12, 2, 13, 50),
(13, 2, 20, 50),
(14, 2, 21, 50),
(15, 2, 22, 50),
(16, 2, 15, 25);

-- --------------------------------------------------------

--
-- Table structure for table `tblskill`
--

CREATE TABLE IF NOT EXISTS `tblskill` (
  `intSkillID` int(11) NOT NULL AUTO_INCREMENT,
  `strName` varchar(45) NOT NULL,
  `strClassName` varchar(45) NOT NULL,
  `txtDescription` text NOT NULL,
  `strSkillType` varchar(45) NOT NULL,
  `intHitCount` int(11) NOT NULL,
  `intTargetCount` int(11) NOT NULL,
  `blnUsableOutsideBattle` tinyint(1) NOT NULL DEFAULT '0',
  `strWeaponType` varchar(45) NOT NULL,
  `intCooldown` int(11) NOT NULL DEFAULT '0',
  `intStatusEffectID` int(11) DEFAULT NULL,
  PRIMARY KEY (`intSkillID`),
  KEY `intStatusEffectID` (`intStatusEffectID`)
) ENGINE=InnoDB  DEFAULT CHARSET=latin1 AUTO_INCREMENT=7 ;

--
-- Dumping data for table `tblskill`
--

INSERT INTO `tblskill` (`intSkillID`, `strName`, `strClassName`, `txtDescription`, `strSkillType`, `intHitCount`, `intTargetCount`, `blnUsableOutsideBattle`, `strWeaponType`, `intCooldown`, `intStatusEffectID`) VALUES
(1, 'Feed', 'Feed', 'Feed an enemy. Gives option to select the food.', 'Feed', 1, 1, 1, 'All', 0, NULL),
(2, 'Fatten', 'Fatten', 'Fattens an enemy.', 'Debuff', 1, 1, 1, 'All', 2, NULL),
(3, 'Rend', 'Rend', 'Concentrate all your strength into a heavy blow with a melee weapon, targeted at one enemy.', 'Damage', 1, 1, 0, 'Melee', 3, NULL),
(4, 'Magic Bolt', 'MagicBolt', 'Concentrate magical energy into a powerful bolt emitted from your wand or staff. Targets one enemy.', 'Damage', 1, 1, 0, 'Magic', 3, NULL),
(5, 'Hypnosis', 'Hypnosis', 'Skill that places target under control for 3 turns. Has a chance to break out every turn (based on Willpower role). Cannot use attacks or skills during the duration and enemy can control you.', 'Debuff', 1, 1, 1, 'All', 5, 5),
(6, 'Fattening Touch', 'FatteningTouch', 'Used to instantly gain weight. Can be a specific body part or entire body.', 'Debuff', 1, 1, 1, 'All', 0, NULL);

-- --------------------------------------------------------

--
-- Table structure for table `tblstates`
--

CREATE TABLE IF NOT EXISTS `tblstates` (
  `intStateID` int(11) NOT NULL AUTO_INCREMENT,
  `strStateName` varchar(45) NOT NULL,
  `txtDescription` text,
  PRIMARY KEY (`intStateID`)
) ENGINE=InnoDB  DEFAULT CHARSET=latin1 AUTO_INCREMENT=10 ;

--
-- Dumping data for table `tblstates`
--

INSERT INTO `tblstates` (`intStateID`, `strStateName`, `txtDescription`) VALUES
(1, 'Event', 'User is currently within an event.'),
(2, 'Combat', 'User is entered in combat.'),
(3, 'Field', 'User is in an open field where enemies and events can occur.'),
(4, 'Town', 'User is in a town where events can occur.'),
(5, 'Dungeon', 'User is in a dungeon where enemies and events can occur.'),
(6, 'Shop', 'User is currently inside a shop window.'),
(7, 'Dead', 'User is currently dead and needs to be revived.'),
(8, 'Tutorial', 'User is currently in tutorial.'),
(9, 'Stats', 'Stat gain window');

-- --------------------------------------------------------

--
-- Table structure for table `tblstatuseffect`
--

CREATE TABLE IF NOT EXISTS `tblstatuseffect` (
  `intStatusEffectID` int(11) NOT NULL AUTO_INCREMENT,
  `strStatusEffectName` varchar(45) NOT NULL,
  `dtmCreatedOn` datetime NOT NULL,
  `strCreatedBy` varchar(45) NOT NULL,
  `dtmModifiedOn` datetime DEFAULT NULL,
  `strModifiedBy` varchar(45) DEFAULT NULL,
  PRIMARY KEY (`intStatusEffectID`)
) ENGINE=InnoDB  DEFAULT CHARSET=latin1 AUTO_INCREMENT=6 ;

--
-- Dumping data for table `tblstatuseffect`
--

INSERT INTO `tblstatuseffect` (`intStatusEffectID`, `strStatusEffectName`, `dtmCreatedOn`, `strCreatedBy`, `dtmModifiedOn`, `strModifiedBy`) VALUES
(1, 'Fattening I', '2014-11-04 21:26:59', 'akereliuk', NULL, NULL),
(2, 'Armour Binding', '2014-11-04 21:26:59', 'akereliuk', NULL, NULL),
(3, 'Stretchy Armour', '2014-11-04 21:26:59', 'akereliuk', NULL, NULL),
(4, 'Burdened by Weight', '2014-12-08 15:59:48', 'akereliuk', NULL, NULL),
(5, 'Hypnotized', '2016-07-21 00:00:00', 'admin', NULL, NULL);

-- --------------------------------------------------------

--
-- Table structure for table `tblstatuseffectstatchange`
--

CREATE TABLE IF NOT EXISTS `tblstatuseffectstatchange` (
  `intStatusEffectStatChangeID` int(11) NOT NULL AUTO_INCREMENT,
  `intStatusEffectID` int(11) NOT NULL,
  `strStatName` varchar(45) NOT NULL,
  `intStatChangeMin` int(11) NOT NULL,
  `intStatChangeMax` int(11) NOT NULL,
  `intOverrideID` int(11) DEFAULT NULL,
  `blnInfinite` tinyint(1) NOT NULL DEFAULT '1',
  `intDuration` int(11) DEFAULT NULL,
  `blnIncremental` tinyint(1) NOT NULL DEFAULT '0',
  PRIMARY KEY (`intStatusEffectStatChangeID`),
  KEY `intStatusEffectID` (`intStatusEffectID`),
  KEY `intOverrideID` (`intOverrideID`)
) ENGINE=InnoDB  DEFAULT CHARSET=latin1 AUTO_INCREMENT=9 ;

--
-- Dumping data for table `tblstatuseffectstatchange`
--

INSERT INTO `tblstatuseffectstatchange` (`intStatusEffectStatChangeID`, `intStatusEffectID`, `strStatName`, `intStatChangeMin`, `intStatChangeMax`, `intOverrideID`, `blnInfinite`, `intDuration`, `blnIncremental`) VALUES
(4, 1, 'Weight', 1, 3, NULL, 1, 9999, 1),
(5, 2, '', 0, 0, 1, 1, 9999, 0),
(6, 3, '', 0, 0, 2, 1, 9999, 0),
(7, 4, '', 0, 0, 4, 1, 9999, 0),
(8, 5, '', 0, 0, 5, 0, 3, 0);

-- --------------------------------------------------------

--
-- Table structure for table `tbltown`
--

CREATE TABLE IF NOT EXISTS `tbltown` (
  `intTownID` int(11) NOT NULL AUTO_INCREMENT,
  `strTownName` varchar(45) NOT NULL,
  PRIMARY KEY (`intTownID`)
) ENGINE=InnoDB  DEFAULT CHARSET=latin1 AUTO_INCREMENT=2 ;

--
-- Dumping data for table `tbltown`
--

INSERT INTO `tbltown` (`intTownID`, `strTownName`) VALUES
(1, 'Turici');

-- --------------------------------------------------------

--
-- Table structure for table `tbluser`
--

CREATE TABLE IF NOT EXISTS `tbluser` (
  `intUserID` int(12) NOT NULL AUTO_INCREMENT,
  `strUserID` varchar(45) NOT NULL,
  `strPassword` varchar(45) NOT NULL,
  `blnAdmin` tinyint(1) NOT NULL DEFAULT '0',
  `dtmCreatedOn` datetime NOT NULL,
  `strCreatedBy` varchar(45) NOT NULL,
  `dtmModifiedOn` datetime DEFAULT NULL,
  `strModifiedBy` varchar(45) DEFAULT NULL,
  PRIMARY KEY (`intUserID`),
  UNIQUE KEY `strUserID` (`strUserID`),
  UNIQUE KEY `intUserID` (`intUserID`)
) ENGINE=InnoDB  DEFAULT CHARSET=latin1 AUTO_INCREMENT=3 ;

--
-- Dumping data for table `tbluser`
--

INSERT INTO `tbluser` (`intUserID`, `strUserID`, `strPassword`, `blnAdmin`, `dtmCreatedOn`, `strCreatedBy`, `dtmModifiedOn`, `strModifiedBy`) VALUES
(1, 'bob', 'd7ae1fac04054938fd85d247cc82e80f', 0, '2015-04-14 02:22:54', 'system', NULL, NULL),
(2, 'test', 'd7ae1fac04054938fd85d247cc82e80f', 0, '2016-02-03 20:55:08', 'system', NULL, NULL);

--
-- Constraints for dumped tables
--

--
-- Constraints for table `tblcharacterabilitystats`
--
ALTER TABLE `tblcharacterabilitystats`
  ADD CONSTRAINT `tblcharacterabilitystats_ibfk_1` FOREIGN KEY (`intRPGCharacterID`) REFERENCES `tblrpgcharacter` (`intRPGCharacterID`) ON DELETE CASCADE ON UPDATE CASCADE;

--
-- Constraints for table `tblcharacterbody`
--
ALTER TABLE `tblcharacterbody`
  ADD CONSTRAINT `fk_tblcharacterbody_intRPGCharacterID` FOREIGN KEY (`intRPGCharacterID`) REFERENCES `tblrpgcharacter` (`intRPGCharacterID`) ON DELETE CASCADE ON UPDATE CASCADE;

--
-- Constraints for table `tblcharacterclassxr`
--
ALTER TABLE `tblcharacterclassxr`
  ADD CONSTRAINT `fk_tblcharacterclassxr_intClassID` FOREIGN KEY (`intClassID`) REFERENCES `tblclass` (`intClassID`) ON DELETE CASCADE ON UPDATE CASCADE,
  ADD CONSTRAINT `fk_tblcharacterclassxr_intRPGCharacterID` FOREIGN KEY (`intRPGCharacterID`) REFERENCES `tblrpgcharacter` (`intRPGCharacterID`) ON DELETE CASCADE ON UPDATE CASCADE;

--
-- Constraints for table `tblcharactereventxr`
--
ALTER TABLE `tblcharactereventxr`
  ADD CONSTRAINT `tblcharactereventxr_ibfk_1` FOREIGN KEY (`intRPGCharacterID`) REFERENCES `tblrpgcharacter` (`intRPGCharacterID`) ON DELETE CASCADE ON UPDATE CASCADE;

--
-- Constraints for table `tblcharacteritemxr`
--
ALTER TABLE `tblcharacteritemxr`
  ADD CONSTRAINT `tblcharacteritemxr_ibfk_1` FOREIGN KEY (`intRPGCharacterID`) REFERENCES `tblrpgcharacter` (`intRPGCharacterID`) ON DELETE CASCADE ON UPDATE CASCADE,
  ADD CONSTRAINT `tblcharacteritemxr_ibfk_2` FOREIGN KEY (`intItemID`) REFERENCES `tblitem` (`intItemID`) ON DELETE CASCADE ON UPDATE CASCADE;

--
-- Constraints for table `tblcharacteroverridexr`
--
ALTER TABLE `tblcharacteroverridexr`
  ADD CONSTRAINT `tblcharacteroverridexr_ibfk_1` FOREIGN KEY (`intRPGCharacterID`) REFERENCES `tblrpgcharacter` (`intRPGCharacterID`) ON DELETE CASCADE ON UPDATE CASCADE,
  ADD CONSTRAINT `tblcharacteroverridexr_ibfk_2` FOREIGN KEY (`intOverrideID`) REFERENCES `tbloverride` (`intOverrideID`) ON DELETE CASCADE ON UPDATE CASCADE;

--
-- Constraints for table `tblcharacterstats`
--
ALTER TABLE `tblcharacterstats`
  ADD CONSTRAINT `tblcharacterstats_ibfk_1` FOREIGN KEY (`intRPGCharacterID`) REFERENCES `tblrpgcharacter` (`intRPGCharacterID`) ON DELETE CASCADE ON UPDATE CASCADE;

--
-- Constraints for table `tblcharacterstatuseffectxr`
--
ALTER TABLE `tblcharacterstatuseffectxr`
  ADD CONSTRAINT `tblcharacterstatuseffectxr_ibfk_1` FOREIGN KEY (`intRPGCharacterID`) REFERENCES `tblrpgcharacter` (`intRPGCharacterID`) ON DELETE CASCADE ON UPDATE CASCADE,
  ADD CONSTRAINT `tblcharacterstatuseffectxr_ibfk_2` FOREIGN KEY (`intStatusEffectID`) REFERENCES `tblstatuseffect` (`intStatusEffectID`) ON DELETE CASCADE ON UPDATE CASCADE,
  ADD CONSTRAINT `tblcharacterstatuseffectxr_ibfk_3` FOREIGN KEY (`intItemInstanceID`) REFERENCES `tblcharacteritemxr` (`intItemInstanceID`) ON DELETE CASCADE ON UPDATE CASCADE;

--
-- Constraints for table `tblclassskillxr`
--
ALTER TABLE `tblclassskillxr`
  ADD CONSTRAINT `fk_tblclassskillxr_intClassID` FOREIGN KEY (`intClassID`) REFERENCES `tblclass` (`intClassID`) ON DELETE CASCADE ON UPDATE CASCADE,
  ADD CONSTRAINT `fk_tblclassskillxr_intSkillID` FOREIGN KEY (`intSkillID`) REFERENCES `tblskill` (`intSkillID`) ON DELETE CASCADE ON UPDATE CASCADE;

--
-- Constraints for table `tblclothingdesc`
--
ALTER TABLE `tblclothingdesc`
  ADD CONSTRAINT `fk_intClothingDescItemID` FOREIGN KEY (`intItemID`) REFERENCES `tblitem` (`intItemID`) ON DELETE CASCADE ON UPDATE CASCADE;

--
-- Constraints for table `tblenchantstatchanges`
--
ALTER TABLE `tblenchantstatchanges`
  ADD CONSTRAINT `fk_tblStatusEffectStatChanges_intStatusEffectID` FOREIGN KEY (`intStatusEffectID`) REFERENCES `tblstatuseffect` (`intStatusEffectID`) ON DELETE CASCADE ON UPDATE CASCADE,
  ADD CONSTRAINT `tblenchantstatchanges_ibfk_1` FOREIGN KEY (`intEnchantID`) REFERENCES `tblenchant` (`intEnchantID`) ON DELETE CASCADE ON UPDATE CASCADE;

--
-- Constraints for table `tblflooreventxr`
--
ALTER TABLE `tblflooreventxr`
  ADD CONSTRAINT `tblflooreventxr_ibfk_1` FOREIGN KEY (`intFloorID`) REFERENCES `tblfloor` (`intFloorID`) ON DELETE CASCADE ON UPDATE CASCADE,
  ADD CONSTRAINT `tblflooreventxr_ibfk_2` FOREIGN KEY (`intEventID`) REFERENCES `tblevent` (`intEventID`) ON DELETE CASCADE ON UPDATE CASCADE;

--
-- Constraints for table `tblfloornpcxr`
--
ALTER TABLE `tblfloornpcxr`
  ADD CONSTRAINT `fk_tblfloornpcxr_intfloorid` FOREIGN KEY (`intFloorID`) REFERENCES `tblfloor` (`intFloorID`) ON DELETE CASCADE ON UPDATE CASCADE,
  ADD CONSTRAINT `fk_tblfloornpcxr_intnpcid` FOREIGN KEY (`intNPCID`) REFERENCES `tblnpc` (`intNPCID`) ON DELETE CASCADE ON UPDATE CASCADE;

--
-- Constraints for table `tblitemenchantxr`
--
ALTER TABLE `tblitemenchantxr`
  ADD CONSTRAINT `tblitemenchantxr_ibfk_1` FOREIGN KEY (`intItemID`) REFERENCES `tblitem` (`intItemID`) ON DELETE CASCADE ON UPDATE CASCADE,
  ADD CONSTRAINT `tblitemenchantxr_ibfk_2` FOREIGN KEY (`intEnchantID`) REFERENCES `tblenchant` (`intEnchantID`) ON DELETE CASCADE ON UPDATE CASCADE;

--
-- Constraints for table `tbliteminstanceenchant`
--
ALTER TABLE `tbliteminstanceenchant`
  ADD CONSTRAINT `tbliteminstanceenchant_ibfk_1` FOREIGN KEY (`intItemInstanceID`) REFERENCES `tblcharacteritemxr` (`intItemInstanceID`) ON DELETE CASCADE ON UPDATE CASCADE,
  ADD CONSTRAINT `tbliteminstanceenchant_ibfk_2` FOREIGN KEY (`intSuffixEnchantID`) REFERENCES `tblenchant` (`intEnchantID`) ON DELETE CASCADE ON UPDATE CASCADE,
  ADD CONSTRAINT `tbliteminstanceenchant_ibfk_3` FOREIGN KEY (`intPrefixEnchantID`) REFERENCES `tblenchant` (`intEnchantID`) ON DELETE CASCADE ON UPDATE CASCADE;

--
-- Constraints for table `tbllocation`
--
ALTER TABLE `tbllocation`
  ADD CONSTRAINT `fk_intTownID` FOREIGN KEY (`intTownID`) REFERENCES `tbltown` (`intTownID`);

--
-- Constraints for table `tbllocationeventlink`
--
ALTER TABLE `tbllocationeventlink`
  ADD CONSTRAINT `fk_intEventID` FOREIGN KEY (`intEventID`) REFERENCES `tblevent` (`intEventID`),
  ADD CONSTRAINT `fk_intLocationID` FOREIGN KEY (`intLocationID`) REFERENCES `tbllocation` (`intLocationID`);

--
-- Constraints for table `tbllocationshoplink`
--
ALTER TABLE `tbllocationshoplink`
  ADD CONSTRAINT `fk_intLocationID2` FOREIGN KEY (`intLocationID`) REFERENCES `tbllocation` (`intLocationID`),
  ADD CONSTRAINT `fk_intShopID2` FOREIGN KEY (`intShopID`) REFERENCES `tblshop` (`intShopID`);

--
-- Constraints for table `tbllocationxrlink`
--
ALTER TABLE `tbllocationxrlink`
  ADD CONSTRAINT `fk_intFromLocationID` FOREIGN KEY (`intFromLocationID`) REFERENCES `tbllocation` (`intLocationID`),
  ADD CONSTRAINT `fk_intToLocationID` FOREIGN KEY (`intToLocationID`) REFERENCES `tbllocation` (`intLocationID`);

--
-- Constraints for table `tblmodifierstatchanges`
--
ALTER TABLE `tblmodifierstatchanges`
  ADD CONSTRAINT `tblmodifierstatchanges_ibfk_1` FOREIGN KEY (`intModifierID`) REFERENCES `tblmodifier` (`intModifierID`) ON DELETE CASCADE ON UPDATE CASCADE;

--
-- Constraints for table `tblnpcbattletext`
--
ALTER TABLE `tblnpcbattletext`
  ADD CONSTRAINT `fk_tblnpcbattletext_intnpcid` FOREIGN KEY (`intNPCID`) REFERENCES `tblnpc` (`intNPCID`) ON DELETE CASCADE ON UPDATE CASCADE;

--
-- Constraints for table `tblnpcitemxr`
--
ALTER TABLE `tblnpcitemxr`
  ADD CONSTRAINT `tblnpcitemxr_ibfk_1` FOREIGN KEY (`intNPCID`) REFERENCES `tblnpc` (`intNPCID`) ON DELETE CASCADE ON UPDATE CASCADE,
  ADD CONSTRAINT `tblnpcitemxr_ibfk_2` FOREIGN KEY (`intItemID`) REFERENCES `tblitem` (`intItemID`) ON DELETE CASCADE ON UPDATE CASCADE;

--
-- Constraints for table `tblnpcmodifierxr`
--
ALTER TABLE `tblnpcmodifierxr`
  ADD CONSTRAINT `tblnpcmodifierxr_ibfk_1` FOREIGN KEY (`intNPCID`) REFERENCES `tblnpc` (`intNPCID`) ON DELETE CASCADE ON UPDATE CASCADE,
  ADD CONSTRAINT `tblnpcmodifierxr_ibfk_2` FOREIGN KEY (`intModifierID`) REFERENCES `tblmodifier` (`intModifierID`) ON DELETE CASCADE ON UPDATE CASCADE;

--
-- Constraints for table `tblnpcskillxr`
--
ALTER TABLE `tblnpcskillxr`
  ADD CONSTRAINT `fk_intnpcskillxr_intNPCID` FOREIGN KEY (`intNPCID`) REFERENCES `tblnpc` (`intNPCID`) ON DELETE CASCADE ON UPDATE CASCADE,
  ADD CONSTRAINT `fk_tblnpcskillxr_intSkillID` FOREIGN KEY (`intSkillID`) REFERENCES `tblskill` (`intSkillID`) ON DELETE CASCADE ON UPDATE CASCADE;

--
-- Constraints for table `tblnpcstats`
--
ALTER TABLE `tblnpcstats`
  ADD CONSTRAINT `tblnpcstats_ibfk_1` FOREIGN KEY (`intNPCID`) REFERENCES `tblnpc` (`intNPCID`) ON DELETE CASCADE ON UPDATE CASCADE;

--
-- Constraints for table `tblrpgcharacter`
--
ALTER TABLE `tblrpgcharacter`
  ADD CONSTRAINT `tblrpgcharacter_ibfk_1` FOREIGN KEY (`strUserID`) REFERENCES `tbluser` (`strUserID`) ON DELETE CASCADE ON UPDATE CASCADE,
  ADD CONSTRAINT `tblrpgcharacter_ibfk_2` FOREIGN KEY (`intFloorID`) REFERENCES `tblfloor` (`intFloorID`) ON UPDATE CASCADE;

--
-- Constraints for table `tblshopitemxr`
--
ALTER TABLE `tblshopitemxr`
  ADD CONSTRAINT `fk_intItemID` FOREIGN KEY (`intItemID`) REFERENCES `tblitem` (`intItemID`),
  ADD CONSTRAINT `fk_intShopID` FOREIGN KEY (`intShopID`) REFERENCES `tblshop` (`intShopID`);

--
-- Constraints for table `tblskill`
--
ALTER TABLE `tblskill`
  ADD CONSTRAINT `fk_tblSkill_intStatusEffectID` FOREIGN KEY (`intStatusEffectID`) REFERENCES `tblstatuseffect` (`intStatusEffectID`) ON DELETE CASCADE ON UPDATE CASCADE;

--
-- Constraints for table `tblstatuseffectstatchange`
--
ALTER TABLE `tblstatuseffectstatchange`
  ADD CONSTRAINT `tblstatuseffectstatchange_ibfk_1` FOREIGN KEY (`intStatusEffectID`) REFERENCES `tblstatuseffect` (`intStatusEffectID`) ON DELETE CASCADE ON UPDATE CASCADE,
  ADD CONSTRAINT `tblstatuseffectstatchange_ibfk_2` FOREIGN KEY (`intOverrideID`) REFERENCES `tbloverride` (`intOverrideID`) ON DELETE CASCADE ON UPDATE CASCADE;

/*!40101 SET CHARACTER_SET_CLIENT=@OLD_CHARACTER_SET_CLIENT */;
/*!40101 SET CHARACTER_SET_RESULTS=@OLD_CHARACTER_SET_RESULTS */;
/*!40101 SET COLLATION_CONNECTION=@OLD_COLLATION_CONNECTION */;
